"YEAR","MN","LEAD","CD","ForecastedMEAN","ClimatologicalMEAN","ForecastedSD","ClimatologicalSD"
2020,6,1,1,61.84,60.99,1.0425,1.16
2020,6,2,1,54.41,53.54,1.0803,1.16
2020,6,3,1,44.17,43.31,1.2267,1.38
2020,6,4,1,32.17,31.54,2.1363,2.19
2020,6,5,1,22.02,21.16,2.434,2.69
2020,6,6,1,16.12,15.32,2.5729,2.77
2020,6,7,1,17.46,17.26,2.8043,2.93
2020,6,8,1,26.3,26.3,2.74,2.74
2020,6,9,1,37.93,37.84,1.9824,2.17
2020,6,10,1,49.71,49.65,1.4021,1.47
2020,6,11,1,58.58,58.47,1.3243,1.38
2020,6,12,1,63.49,62.75,1.1695,1.22
2020,6,13,1,61.77,60.99,1.1421,1.16
2020,6,1,2,65.25,64.33,1.1353,1.25
2020,6,2,2,58.09,57.19,1.1305,1.19
2020,6,3,2,48.23,47.41,1.2122,1.31
2020,6,4,2,37.13,36.51,1.8468,1.99
2020,6,5,2,27.92,27.14,2.1989,2.43
2020,6,6,2,22.89,22.12,2.4323,2.57
2020,6,7,2,24.23,24.04,2.5034,2.64
2020,6,8,2,32.15,32.15,2.38,2.38
2020,6,9,2,42.43,42.34,1.82,1.94
2020,6,10,2,53.08,52.95,1.2816,1.33
2020,6,11,2,61.54,61.34,1.1743,1.3
2020,6,12,2,66.6,65.76,1.2476,1.26
2020,6,13,2,65.16,64.33,1.161,1.25
2020,6,1,3,64.79,63.93,1.2032,1.33
2020,6,2,3,57.7,56.81,1.3028,1.45
2020,6,3,3,47.91,47.06,1.3747,1.46
2020,6,4,3,36.47,35.94,2.0694,2.26
2020,6,5,3,27.38,26.64,2.58,2.85
2020,6,6,3,22.02,21.53,2.8132,2.95
2020,6,7,3,23.6,23.33,2.6832,2.91
2020,6,8,3,31.6,31.6,2.43,2.43
2020,6,9,3,42.48,42.35,2.1056,2.2
2020,6,10,3,53.62,53.48,1.4496,1.47
2020,6,11,3,61.94,61.65,1.2303,1.3
2020,6,12,3,66.3,65.58,1.4056,1.47
2020,6,13,3,64.76,63.93,1.3183,1.33
2020,6,1,4,68.79,67.8,1.2392,1.33
2020,6,2,4,61.8,60.83,1.2685,1.39
2020,6,3,4,52.21,51.43,1.2505,1.33
2020,6,4,4,41.69,41.09,1.8468,2.02
2020,6,5,4,33.46,32.73,2.28,2.54
2020,6,6,4,29.06,28.4,2.5112,2.65
2020,6,7,4,30.49,30.23,2.3827,2.58
2020,6,8,4,37.64,37.54,1.8287,2.01
2020,6,9,4,47.08,46.91,1.767,1.83
2020,6,10,4,57.28,56.96,1.3243,1.38
2020,6,11,4,65.4,64.99,1.1421,1.22
2020,6,12,4,70.09,69.2,1.353,1.36
2020,6,13,4,68.67,67.8,1.2426,1.33
2020,6,1,5,66.53,65.88,1.2495,1.3
2020,6,2,5,59.93,59.17,1.292,1.43
2020,6,3,5,50.59,49.87,1.2437,1.37
2020,6,4,5,39.73,39.34,2.0911,2.2
2020,6,5,5,31.43,30.85,2.7401,2.89
2020,6,6,5,26.58,26.3,2.7646,2.89
2020,6,7,5,28.15,27.98,2.6504,2.82
2020,6,8,5,35.34,35.34,2.15,2.15
2020,6,9,5,45.29,45.11,1.9647,2.18
2020,6,10,5,55.7,55.54,1.6,1.6
2020,6,11,5,63.65,63.33,1.4087,1.47
2020,6,12,5,67.89,67.35,1.5488,1.56
2020,6,13,5,66.52,65.88,1.1865,1.3
2020,6,1,6,70.05,69.66,1.4953,1.56
2020,6,2,6,63.6,62.91,1.4382,1.62
2020,6,3,6,53.93,53.29,1.4371,1.53
2020,6,4,6,42.78,42.38,2.1192,2.3
2020,6,5,6,34.31,33.88,2.8975,2.96
2020,6,6,6,30.16,30.04,2.7722,2.87
2020,6,7,6,32.79,32.79,2.8,2.8
2020,6,8,6,40.66,40.66,1.95,1.95
2020,6,9,6,50.52,50.28,2.1114,2.18
2020,6,10,6,60.55,60.17,1.8172,1.82
2020,6,11,6,68.01,67.52,1.4468,1.6
2020,6,12,6,71.8,71.32,1.5908,1.66
2020,6,13,6,70.24,69.66,1.4293,1.56
2020,6,1,7,72.88,72.07,1.281,1.36
2020,6,2,7,66,65.27,1.3056,1.47
2020,6,3,7,56.67,55.99,1.239,1.35
2020,6,4,7,46.32,45.81,1.8134,2
2020,6,5,7,38.5,38.01,2.5432,2.6
2020,6,6,7,34.77,34.39,2.3695,2.5
2020,6,7,7,36.84,36.56,2.2477,2.42
2020,6,8,7,43.69,43.5,1.6143,1.73
2020,6,9,7,52.7,52.35,1.6962,1.77
2020,6,10,7,62.48,61.9,1.4319,1.49
2020,6,11,7,70.27,69.51,1.2801,1.35
2020,6,12,7,74.34,73.52,1.3155,1.33
2020,6,13,7,72.88,72.07,1.2364,1.36
2020,6,1,8,67.84,67.14,1.3258,1.35
2020,6,2,8,61.08,60.33,1.3639,1.46
2020,6,3,8,51.69,51,1.2074,1.33
2020,6,4,8,41.09,40.64,1.9223,2.15
2020,6,5,8,33.2,32.66,2.6845,2.8
2020,6,6,8,29.09,28.76,2.6849,2.79
2020,6,7,8,31.1,30.92,2.631,2.71
2020,6,8,8,38.3,38.3,1.94,1.94
2020,6,9,8,47.85,47.63,1.9778,2.02
2020,6,10,8,57.85,57.48,1.3734,1.52
2020,6,11,8,65.39,64.84,1.4035,1.44
2020,6,12,8,69.41,68.7,1.4367,1.52
2020,6,13,8,67.84,67.14,1.2499,1.35
2020,6,1,9,69.7,69.35,1.2829,1.36
2020,6,2,9,63.5,62.92,1.3893,1.46
2020,6,3,9,54.43,53.8,1.454,1.54
2020,6,4,9,44.26,43.81,2.0118,2.25
2020,6,5,9,36.77,36.41,2.6173,2.65
2020,6,6,9,33.57,33.3,2.2993,2.38
2020,6,7,9,36.09,35.89,2.091,2.25
2020,6,8,9,43.06,42.94,1.4688,1.52
2020,6,9,9,51.92,51.46,1.6892,1.76
2020,6,10,9,60.99,60.36,1.5364,1.59
2020,6,11,9,67.84,67.11,1.3114,1.4
2020,6,12,9,71.36,70.81,1.3098,1.31
2020,6,13,9,69.93,69.35,1.2233,1.36
2020,6,1,10,75.15,74.52,1.2738,1.36
2020,6,2,10,68.7,68.14,1.3904,1.49
2020,6,3,10,60.05,59.44,1.3795,1.48
2020,6,4,10,50.42,49.92,1.7949,2.05
2020,6,5,10,43.31,42.97,2.4224,2.44
2020,6,6,10,40.4,40.05,2.1347,2.26
2020,6,7,10,42.69,42.37,2.0086,2.12
2020,6,8,10,49.15,48.85,1.4749,1.52
2020,6,9,10,57.45,56.77,1.5543,1.58
2020,6,10,10,66.27,65.43,1.4537,1.57
2020,6,11,10,73.13,72.26,1.349,1.35
2020,6,12,10,76.65,75.94,1.141,1.21
2020,6,13,10,75.3,74.52,1.3429,1.36
2020,6,1,11,71.43,71.11,1.2129,1.27
2020,6,2,11,65.63,65.06,1.3994,1.51
2020,6,3,11,56.93,56.29,1.5993,1.69
2020,6,4,11,47.31,46.82,1.998,2.18
2020,6,5,11,40.33,40,2.2817,2.32
2020,6,6,11,38.05,37.6,1.9551,2.06
2020,6,7,11,40.97,40.5,1.9476,2.08
2020,6,8,11,47.33,47.03,1.3638,1.46
2020,6,9,11,55.53,54.74,1.453,1.53
2020,6,10,11,63.59,62.71,1.5357,1.57
2020,6,11,11,69.86,69.02,1.2925,1.36
2020,6,12,11,73.05,72.47,1.1041,1.14
2020,6,13,11,71.74,71.11,1.2381,1.27
2020,6,1,12,78.21,77.66,1.0279,1.14
2020,6,2,12,72.51,72,1.3309,1.39
2020,6,3,12,64.64,64.09,1.4785,1.58
2020,6,4,12,55.79,55.28,1.9689,2.08
2020,6,5,12,49.22,48.89,2.2286,2.31
2020,6,6,12,47.13,46.48,2.0243,2.11
2020,6,7,12,49.59,48.88,1.9487,2.09
2020,6,8,12,55.3,54.79,1.6308,1.67
2020,6,9,12,62.88,61.97,1.3486,1.43
2020,6,10,12,70.62,69.63,1.4057,1.53
2020,6,11,12,76.58,75.76,1.2288,1.24
2020,6,12,12,79.48,78.89,0.8575,0.92
2020,6,13,12,78.36,77.66,1.0734,1.14
2020,6,1,13,76.65,76.17,1.2221,1.36
2020,6,2,13,70.49,69.92,1.4619,1.53
2020,6,3,13,61.81,61.23,1.4247,1.58
2020,6,4,13,52.42,51.93,1.8862,2.06
2020,6,5,13,45.69,45.37,2.1849,2.23
2020,6,6,13,43.75,43.11,1.9294,2.04
2020,6,7,13,46.65,45.98,1.9057,1.97
2020,6,8,13,52.82,52.39,1.4711,1.51
2020,6,9,13,60.86,59.97,1.4147,1.43
2020,6,10,13,68.99,67.98,1.5202,1.61
2020,6,11,13,75.28,74.34,1.437,1.44
2020,6,12,13,78.35,77.68,1.076,1.15
2020,6,13,13,76.91,76.17,1.2773,1.36
2020,6,1,14,63.26,62.86,1.5499,1.6
2020,6,2,14,56.42,55.74,1.3859,1.53
2020,6,3,14,45.69,45.07,1.7582,1.9
2020,6,4,14,33.3,32.96,2.3233,2.42
2020,6,5,14,23.5,23.01,2.9428,3.13
2020,6,6,14,18.25,18.25,3.35,3.35
2020,6,7,14,20.66,20.66,3.23,3.23
2020,6,8,14,29.12,29.12,3.02,3.02
2020,6,9,14,40.03,40.03,2.78,2.78
2020,6,10,14,51.27,51.27,2.16,2.16
2020,6,11,14,59.79,59.79,1.87,1.87
2020,6,12,14,64.39,64.25,1.8632,2.03
2020,6,13,14,63.17,62.86,1.4435,1.6
2020,6,1,15,62.82,62.54,1.4564,1.62
2020,6,2,15,54.77,54.41,1.3962,1.46
2020,6,3,15,42.32,41.79,2.1949,2.46
2020,6,4,15,27.88,27.38,3.01,3.23
2020,6,5,15,15.9,15.31,3.7362,4.09
2020,6,6,15,10.58,10.58,4.57,4.57
2020,6,7,15,15.05,15.05,4.32,4.32
2020,6,8,15,25.96,26.37,3.8517,3.89
2020,6,9,15,39.47,39.47,3.23,3.23
2020,6,10,15,51.71,51.71,2.33,2.33
2020,6,11,15,60.45,60.45,2.02,2.02
2020,6,12,15,64.63,64.63,2.13,2.13
2020,6,13,15,62.73,62.54,1.537,1.62
2020,6,1,16,64.57,64.3,1.6321,1.8
2020,6,2,16,55.97,55.67,1.5595,1.6
2020,6,3,16,42.7,42.24,2.2854,2.59
2020,6,4,16,28.04,27.5,3.2927,3.43
2020,6,5,16,16.12,15.63,3.9794,4.4
2020,6,6,16,11.44,11.44,5.11,5.11
2020,6,7,16,16.01,16.01,4.69,4.69
2020,6,8,16,26.66,27.49,3.7969,3.81
2020,6,9,16,40.62,40.8,2.9572,3.26
2020,6,10,16,53.41,53.41,2.42,2.42
2020,6,11,16,62.27,62.27,2.11,2.11
2020,6,12,16,66.58,66.58,2.25,2.25
2020,6,13,16,64.51,64.3,1.7051,1.8
2020,6,1,17,65.06,64.69,1.8735,2.07
2020,6,2,17,56.29,55.95,1.7518,1.83
2020,6,3,17,43.09,42.71,2.4101,2.54
2020,6,4,17,29.53,28.99,3.1912,3.31
2020,6,5,17,19.02,18.65,4.0684,4.34
2020,6,6,17,15.44,15.44,5.07,5.07
2020,6,7,17,19.89,19.89,4.69,4.69
2020,6,8,17,29.09,29.91,3.4639,3.53
2020,6,9,17,41.44,41.62,2.9679,3.13
2020,6,10,17,53.04,53.04,2.35,2.35
2020,6,11,17,61.9,61.9,2.14,2.14
2020,6,12,17,66.71,66.71,2.35,2.35
2020,6,13,17,64.99,64.69,1.887,2.07
2020,6,1,18,66.46,65.89,2.0093,2.22
2020,6,2,18,57.52,57.12,1.8494,1.92
2020,6,3,18,44.36,43.96,2.5535,2.65
2020,6,4,18,31.35,30.79,3.2371,3.36
2020,6,5,18,21.58,21.25,3.8367,4.06
2020,6,6,18,18.75,18.75,4.79,4.79
2020,6,7,18,23.59,23.59,4.53,4.53
2020,6,8,18,32.4,32.83,3.2333,3.4
2020,6,9,18,43.36,43.48,2.8313,2.98
2020,6,10,18,53.88,53.88,2.25,2.25
2020,6,11,18,62.74,62.74,2.15,2.15
2020,6,12,18,67.82,67.82,2.27,2.27
2020,6,13,18,66.23,65.89,2.1092,2.22
2020,6,1,19,63.69,62.72,2.1024,2.28
2020,6,2,19,55.47,54.93,1.7917,1.98
2020,6,3,19,43.47,43.02,2.6979,2.87
2020,6,4,19,31.99,31.42,3.308,3.44
2020,6,5,19,23.53,23.15,3.788,4.16
2020,6,6,19,21.22,21.09,4.661,4.74
2020,6,7,19,25.12,25.12,4.49,4.49
2020,6,8,19,32.87,32.92,3.3516,3.42
2020,6,9,19,42.35,42.35,3.03,3.03
2020,6,10,19,51.67,51.67,2.12,2.12
2020,6,11,19,59.73,59.73,1.94,1.94
2020,6,12,19,64.47,64.32,1.8657,1.96
2020,6,13,19,63.22,62.72,2.0798,2.28
2020,6,1,20,64.11,62.99,1.9097,2.1
2020,6,2,20,56.12,55.43,1.7989,1.81
2020,6,3,20,44.67,44.23,2.5447,2.62
2020,6,4,20,34.11,33.55,2.6478,2.91
2020,6,5,20,26.76,26.54,2.8803,3.15
2020,6,6,20,25.2,24.9,3.5121,3.7
2020,6,7,20,28.57,28.57,3.6,3.6
2020,6,8,20,34.81,34.81,2.82,2.82
2020,6,9,20,42.84,42.84,2.51,2.51
2020,6,10,20,51.28,51.28,2.1,2.1
2020,6,11,20,59.47,59.47,1.94,1.94
2020,6,12,20,64.56,64.32,1.7981,1.96
2020,6,13,20,63.56,62.99,1.9097,2.1
2020,6,1,21,61.56,60.49,1.7427,1.83
2020,6,2,21,53.78,53.18,1.3755,1.54
2020,6,3,21,42.66,42.33,2.0268,2.09
2020,6,4,21,32.08,31.67,2.0373,2.22
2020,6,5,21,25.33,25.1,2.1241,2.35
2020,6,6,21,24.1,23.79,2.577,2.79
2020,6,7,21,27.98,27.98,2.79,2.79
2020,6,8,21,34.23,34.23,2.39,2.39
2020,6,9,21,42.03,42.03,2.01,2.01
2020,6,10,21,49.7,49.7,1.81,1.81
2020,6,11,21,57.23,57.23,1.56,1.56
2020,6,12,21,61.83,61.62,1.4651,1.53
2020,6,13,21,61.09,60.49,1.6688,1.83
2020,6,1,22,66.07,65.63,1.5266,1.61
2020,6,2,22,59.34,58.61,1.4108,1.58
2020,6,3,22,49.3,48.65,1.6185,1.7
2020,6,4,22,37.98,37.64,1.9991,2.18
2020,6,5,22,29.12,28.65,2.6365,2.86
2020,6,6,22,24.06,24.06,2.94,2.94
2020,6,7,22,25.91,25.91,2.84,2.84
2020,6,8,22,33.61,33.61,2.51,2.51
2020,6,9,22,43.85,43.85,2.48,2.48
2020,6,10,22,54.73,54.73,2.04,2.04
2020,6,11,22,63.03,62.98,1.7716,1.85
2020,6,12,22,67.47,67.23,1.9067,2
2020,6,13,22,66.06,65.63,1.4651,1.61
2020,6,1,23,68.91,68.57,1.514,1.54
2020,6,2,23,62.18,61.5,1.4659,1.55
2020,6,3,23,52.13,51.5,1.4635,1.6
2020,6,4,23,40.45,40.09,2.1973,2.28
2020,6,5,23,31.52,31.03,2.7562,3.03
2020,6,6,23,26.77,26.77,3.07,3.07
2020,6,7,23,29.46,29.46,2.86,2.86
2020,6,8,23,37.63,37.63,2.19,2.19
2020,6,9,23,47.98,47.91,2.3073,2.35
2020,6,10,23,58.67,58.54,1.788,1.88
2020,6,11,23,66.67,66.45,1.641,1.72
2020,6,12,23,70.71,70.38,1.7169,1.83
2020,6,13,23,69.03,68.57,1.4747,1.54
2020,6,1,24,71.05,70.99,1.6301,1.69
2020,6,2,24,64.64,64,1.5464,1.71
2020,6,3,24,54.45,53.88,1.5784,1.67
2020,6,4,24,42.4,41.98,2.2805,2.34
2020,6,5,24,32.91,32.66,2.9945,3.11
2020,6,6,24,28.85,28.85,3.14,3.14
2020,6,7,24,32.45,32.45,2.88,2.88
2020,6,8,24,41.19,41.19,2.16,2.16
2020,6,9,24,51.77,51.5,2.334,2.36
2020,6,10,24,62.16,61.75,1.8205,1.95
2020,6,11,24,69.6,69.26,1.545,1.61
2020,6,12,24,73.24,72.88,1.7347,1.83
2020,6,13,24,71.43,70.99,1.5982,1.69
2020,6,1,25,68.67,68.46,1.5079,1.69
2020,6,2,25,61.63,61,1.4805,1.63
2020,6,3,25,50.81,50.22,1.7953,1.86
2020,6,4,25,38.08,37.63,2.3153,2.54
2020,6,5,25,28.01,27.6,3.1667,3.34
2020,6,6,25,23.44,23.44,3.58,3.58
2020,6,7,25,27.2,27.2,3.23,3.23
2020,6,8,25,36.48,36.48,2.63,2.63
2020,6,9,25,47.41,47.41,2.46,2.46
2020,6,10,25,58.24,58.24,1.96,1.96
2020,6,11,25,66.46,66.36,1.6331,1.72
2020,6,12,25,70.6,70.36,1.8559,2
2020,6,13,25,68.79,68.46,1.5255,1.69
2020,6,1,26,64.79,64.5,1.4852,1.58
2020,6,2,26,57.29,56.72,1.3707,1.5
2020,6,3,26,45.81,45.21,2.0485,2.14
2020,6,4,26,32.38,31.95,2.6958,2.8
2020,6,5,26,21.68,21.17,3.442,3.66
2020,6,6,26,16.72,16.72,3.91,3.91
2020,6,7,26,20.57,20.57,3.57,3.57
2020,6,8,26,30.61,30.61,3.23,3.23
2020,6,9,26,42.52,42.52,2.88,2.88
2020,6,10,26,54.08,54.08,2.16,2.16
2020,6,11,26,62.5,62.5,1.82,1.82
2020,6,12,26,66.59,66.49,1.8681,2.01
2020,6,13,26,64.75,64.5,1.4907,1.58
2020,6,1,27,66.74,66.49,1.4334,1.63
2020,6,2,27,58.82,58.35,1.432,1.55
2020,6,3,27,46.71,46.13,2.2569,2.38
2020,6,4,27,32.58,32.06,2.9863,3.16
2020,6,5,27,21.03,20.64,3.8138,3.92
2020,6,6,27,16.39,16.39,4.35,4.35
2020,6,7,27,20.84,20.84,3.87,3.87
2020,6,8,27,31.69,31.69,3.43,3.43
2020,6,9,27,44.3,44.3,2.98,2.98
2020,6,10,27,56.33,56.33,2.2,2.2
2020,6,11,27,64.88,64.88,1.9,1.9
2020,6,12,27,68.74,68.74,2.04,2.04
2020,6,13,27,66.7,66.49,1.5828,1.63
2020,6,1,28,67.06,66.81,1.6112,1.82
2020,6,2,28,58.84,58.39,1.4831,1.64
2020,6,3,28,46.12,45.62,2.3878,2.5
2020,6,4,28,31.96,31.37,3.1721,3.33
2020,6,5,28,20.31,20.05,4.0888,4.19
2020,6,6,28,16.15,16.15,4.92,4.92
2020,6,7,28,20.65,20.65,4.28,4.28
2020,6,8,28,31.36,31.36,3.59,3.59
2020,6,9,28,43.98,43.98,3.04,3.04
2020,6,10,28,56.1,56.1,2.28,2.28
2020,6,11,28,64.95,64.95,2.03,2.03
2020,6,12,28,69.04,69.04,2.18,2.18
2020,6,13,28,67.09,66.81,1.6362,1.82
2020,6,1,29,69.17,68.8,1.8922,2.08
2020,6,2,29,60.67,60.09,1.6958,1.86
2020,6,3,29,47.6,47.04,2.2505,2.44
2020,6,4,29,34.22,33.42,2.9932,3.32
2020,6,5,29,23.9,23.51,3.9811,4.07
2020,6,6,29,20.57,20.57,4.8,4.8
2020,6,7,29,24.88,24.88,4.02,4.02
2020,6,8,29,33.93,34.04,2.9018,3.02
2020,6,9,29,45.11,45.11,2.73,2.73
2020,6,10,29,56.26,56.26,2.25,2.25
2020,6,11,29,65.52,65.52,2.12,2.12
2020,6,12,29,70.6,70.53,2.2531,2.38
2020,6,13,29,69.15,68.8,1.8604,2.08
2020,6,1,30,68.76,68.09,1.9576,2.18
2020,6,2,30,60.02,59.36,1.7828,1.89
2020,6,3,30,47.12,46.59,2.2658,2.45
2020,6,4,30,34.74,33.96,3.203,3.28
2020,6,5,30,25.79,25.42,3.8842,3.95
2020,6,6,30,23.06,23.06,4.5,4.5
2020,6,7,30,27.02,27.02,3.81,3.81
2020,6,8,30,34.8,34.8,2.86,2.86
2020,6,9,30,44.65,44.65,2.69,2.69
2020,6,10,30,55,55,2.33,2.33
2020,6,11,30,64.28,64.28,2.23,2.23
2020,6,12,30,69.76,69.66,2.2443,2.4
2020,6,13,30,68.48,68.09,1.9717,2.18
2020,6,1,31,66.65,65.74,1.7522,1.97
2020,6,2,31,57.88,57.08,1.6958,1.83
2020,6,3,31,45.4,44.78,2.1818,2.45
2020,6,4,31,33.91,33.03,2.6918,2.89
2020,6,5,31,26.01,25.62,3.1598,3.29
2020,6,6,31,23.86,23.7,3.4526,3.68
2020,6,7,31,27.94,27.8,3.1171,3.28
2020,6,8,31,34.48,34.48,2.49,2.49
2020,6,9,31,43.16,43.16,2.33,2.33
2020,6,10,31,52.37,52.37,2.33,2.33
2020,6,11,31,61.61,61.61,2.08,2.08
2020,6,12,31,67.43,67.21,1.9111,2.13
2020,6,13,31,66.16,65.74,1.7655,1.97
2020,6,1,32,63.02,61.95,1.6012,1.79
2020,6,2,32,54.83,53.96,1.5615,1.65
2020,6,3,32,42.9,42.29,2.1347,2.27
2020,6,4,32,31.4,30.58,2.2679,2.46
2020,6,5,32,23.22,22.81,2.6034,2.76
2020,6,6,32,21.2,20.89,3.0479,3.2
2020,6,7,32,25.79,25.5,2.7695,2.89
2020,6,8,32,32.73,32.73,2.4,2.4
2020,6,9,32,41.46,41.46,2.17,2.17
2020,6,10,32,50.12,50.12,2.22,2.22
2020,6,11,32,58.6,58.51,1.7358,1.9
2020,6,12,32,63.65,63.4,1.6909,1.85
2020,6,13,32,62.45,61.95,1.6068,1.79
2020,6,1,33,69.41,69.29,1.5677,1.74
2020,6,2,33,62.17,61.63,1.5339,1.62
2020,6,3,33,50.84,50.25,1.7478,1.94
2020,6,4,33,37.56,37.07,2.58,2.72
2020,6,5,33,26.89,26.57,3.2804,3.54
2020,6,6,33,22.61,22.61,3.95,3.95
2020,6,7,33,26.98,26.98,3.52,3.52
2020,6,8,33,36.93,36.93,2.87,2.87
2020,6,9,33,48.47,48.47,2.58,2.58
2020,6,10,33,59.52,59.52,2.01,2.01
2020,6,11,33,67.71,67.6,1.5493,1.7
2020,6,12,33,71.61,71.42,1.808,1.93
2020,6,13,33,69.6,69.29,1.5647,1.74
2020,6,1,34,69.56,69.36,1.6448,1.84
2020,6,2,34,61.84,61.3,1.6625,1.76
2020,6,3,34,49.73,49.13,2.1703,2.29
2020,6,4,34,36.2,35.57,2.7821,3.06
2020,6,5,34,25.58,25.19,3.4802,3.76
2020,6,6,34,21.82,21.82,4.3,4.3
2020,6,7,34,26.41,26.41,3.76,3.76
2020,6,8,34,36.14,36.14,3.03,3.03
2020,6,9,34,47.69,47.69,2.83,2.83
2020,6,10,34,59,59,2.28,2.28
2020,6,11,34,67.52,67.52,1.88,1.88
2020,6,12,34,71.69,71.55,1.753,2
2020,6,13,34,69.67,69.36,1.6546,1.84
2020,6,1,35,70.14,69.67,1.6653,1.87
2020,6,2,35,62.12,61.38,1.8214,1.92
2020,6,3,35,50.13,49.39,2.1079,2.31
2020,6,4,35,38.28,37.19,2.5031,2.78
2020,6,5,35,29.65,28.83,2.9948,3.28
2020,6,6,35,26.56,26.56,3.7,3.7
2020,6,7,35,30.64,30.64,2.98,2.98
2020,6,8,35,38.29,38.29,2.28,2.28
2020,6,9,35,47.9,47.84,2.2291,2.34
2020,6,10,35,58.07,57.93,1.9697,2.16
2020,6,11,35,66.85,66.75,1.6405,1.77
2020,6,12,35,71.72,71.52,1.7487,1.96
2020,6,13,35,70.02,69.67,1.6825,1.87
2020,6,1,36,71.38,71.19,1.714,1.9
2020,6,2,36,63.97,63.29,1.7736,1.93
2020,6,3,36,52.26,51.57,2.0364,2.11
2020,6,4,36,39.77,38.9,2.4286,2.65
2020,6,5,36,30.19,29.53,2.9892,3.28
2020,6,6,36,26.62,26.62,3.71,3.71
2020,6,7,36,31,31,3.26,3.26
2020,6,8,36,39.76,39.76,2.54,2.54
2020,6,9,36,50.31,50.22,2.3446,2.47
2020,6,10,36,60.85,60.71,2.0109,2.15
2020,6,11,36,69.18,69.05,1.5561,1.66
2020,6,12,36,73.53,73.27,1.7133,1.92
2020,6,13,36,71.54,71.19,1.7148,1.9
2020,6,1,37,67.71,66.99,1.3973,1.56
2020,6,2,37,59.49,58.67,1.509,1.69
2020,6,3,37,47.91,47.13,1.9446,2.11
2020,6,4,37,37.22,36.01,2.2722,2.38
2020,6,5,37,30.07,29.19,2.5099,2.72
2020,6,6,37,27.51,27.38,2.9878,3.17
2020,6,7,37,31.21,30.97,2.4026,2.62
2020,6,8,37,37,37,1.99,1.99
2020,6,9,37,45.38,45.32,1.9822,2.04
2020,6,10,37,54.69,54.53,1.9748,2.16
2020,6,11,37,63.61,63.5,1.5612,1.73
2020,6,12,37,68.83,68.59,1.5498,1.74
2020,6,13,37,67.32,66.99,1.4023,1.56
2020,6,1,38,72.25,72.04,1.4422,1.52
2020,6,2,38,66.18,65.53,1.5739,1.66
2020,6,3,38,56.8,56.18,1.5461,1.63
2020,6,4,38,46.3,45.87,2.0798,2.23
2020,6,5,38,38.64,38.21,2.4958,2.71
2020,6,6,38,35.44,35.19,2.3351,2.43
2020,6,7,38,38.36,38.16,2.1807,2.38
2020,6,8,38,45.6,45.48,1.4422,1.55
2020,6,9,38,54.68,54.14,1.706,1.89
2020,6,10,38,63.71,63.01,1.6029,1.76
2020,6,11,38,70.52,69.81,1.4296,1.5
2020,6,12,38,74.06,73.52,1.3301,1.48
2020,6,13,38,72.64,72.04,1.3706,1.52
2020,6,1,39,74.18,74.12,1.5579,1.62
2020,6,2,39,68.1,67.45,1.5981,1.71
2020,6,3,39,58.34,57.74,1.4967,1.67
2020,6,4,39,47.29,46.87,2.0442,2.16
2020,6,5,39,39.05,38.71,2.4951,2.69
2020,6,6,39,35.82,35.63,2.316,2.53
2020,6,7,39,39.2,39.04,2.2593,2.44
2020,6,8,39,46.93,46.86,1.5639,1.66
2020,6,9,39,56.43,55.96,1.9269,1.96
2020,6,10,39,65.75,65.1,1.6688,1.83
2020,6,11,39,72.61,72.07,1.4031,1.47
2020,6,12,39,76.2,75.73,1.4004,1.54
2020,6,13,39,74.68,74.12,1.4622,1.62
2020,6,1,40,74.26,74.26,1.6,1.6
2020,6,2,40,67.89,67.28,1.5387,1.66
2020,6,3,40,57.89,57.31,1.5438,1.68
2020,6,4,40,46.81,46.28,1.9806,2.03
2020,6,5,40,38.41,38.08,2.5052,2.64
2020,6,6,40,35.31,35.11,2.4007,2.6
2020,6,7,40,39.08,38.89,2.2382,2.43
2020,6,8,40,46.97,46.91,1.8593,1.89
2020,6,9,40,56.56,56.05,1.9746,2
2020,6,10,40,65.82,65.2,1.6974,1.86
2020,6,11,40,72.72,72.29,1.2996,1.45
2020,6,12,40,76.47,76.06,1.4526,1.54
2020,6,13,40,74.74,74.26,1.436,1.6
2020,6,1,41,72.69,72.69,1.74,1.74
2020,6,2,41,66.09,65.48,1.541,1.71
2020,6,3,41,55.63,55.05,1.6127,1.74
2020,6,4,41,43.62,43.11,2.1603,2.3
2020,6,5,41,33.99,33.81,2.9459,3.03
2020,6,6,41,30.22,30.22,3.16,3.16
2020,6,7,41,34.12,34.12,2.91,2.91
2020,6,8,41,42.99,42.99,2.32,2.32
2020,6,9,41,53.47,53.17,2.1633,2.38
2020,6,10,41,63.54,63.19,1.8843,2
2020,6,11,41,71.02,70.73,1.419,1.55
2020,6,12,41,74.92,74.58,1.6389,1.81
2020,6,13,41,73.07,72.69,1.5712,1.74
2020,6,1,42,73.38,73.38,1.82,1.82
2020,6,2,42,66.64,66.01,1.7055,1.83
2020,6,3,42,55.93,55.31,1.6487,1.82
2020,6,4,42,44.04,43.42,2.2802,2.35
2020,6,5,42,34.62,34.33,2.8677,2.94
2020,6,6,42,31.01,31.01,3.13,3.13
2020,6,7,42,35.1,35.1,2.9,2.9
2020,6,8,42,43.75,43.75,2.32,2.32
2020,6,9,42,53.91,53.66,2.2162,2.3
2020,6,10,42,63.75,63.4,1.9304,2.01
2020,6,11,42,71.37,71.1,1.3596,1.49
2020,6,12,42,75.55,75.22,1.6393,1.77
2020,6,13,42,73.75,73.38,1.6559,1.82
2020,6,1,43,75.72,75.62,1.6466,1.84
2020,6,2,43,69.11,68.37,1.7204,1.89
2020,6,3,43,58.25,57.53,1.7125,1.81
2020,6,4,43,46.72,45.78,2.1849,2.2
2020,6,5,43,37.83,37.03,2.6506,2.74
2020,6,6,43,34.4,34.15,2.6752,2.91
2020,6,7,43,38.54,38.34,2.4518,2.68
2020,6,8,43,46.61,46.56,2.1807,2.19
2020,6,9,43,56.44,55.95,1.9269,2.11
2020,6,10,43,65.77,65.24,1.7135,1.9
2020,6,11,43,73.25,72.9,1.2888,1.4
2020,6,12,43,77.67,77.22,1.4719,1.64
2020,6,13,43,76.11,75.62,1.6859,1.84
2020,6,1,44,75.82,75.51,1.7454,1.89
2020,6,2,44,68.48,67.67,1.9168,2
2020,6,3,44,56.86,56.03,1.9015,1.96
2020,6,4,44,44.82,43.71,2.1433,2.28
2020,6,5,44,35.93,34.97,2.6363,2.74
2020,6,6,44,32.59,32.38,2.9654,3.13
2020,6,7,44,36.83,36.66,2.7425,2.89
2020,6,8,44,44.73,44.67,2.2807,2.38
2020,6,9,44,54.67,54.22,2.061,2.27
2020,6,10,44,64.59,64.11,2.0956,2.15
2020,6,11,44,72.9,72.54,1.4234,1.56
2020,6,12,44,77.7,77.24,1.6242,1.8
2020,6,13,44,75.99,75.51,1.7303,1.89
2020,6,1,45,74.88,74.08,1.5442,1.71
2020,6,2,45,67.2,66.26,1.6578,1.85
2020,6,3,45,55.83,54.86,1.7985,1.9
2020,6,4,45,44.53,43.19,1.9476,2
2020,6,5,45,36.74,35.39,2.4111,2.51
2020,6,6,45,33.57,33.26,2.7684,2.93
2020,6,7,45,37.48,37.18,2.3941,2.5
2020,6,8,45,44.33,44.27,1.9961,2.01
2020,6,9,45,53.62,53.18,1.8653,2.05
2020,6,10,45,63.23,62.74,2.0102,2.12
2020,6,11,45,71.55,71.16,1.428,1.57
2020,6,12,45,76.26,75.79,1.538,1.69
2020,6,13,45,74.59,74.08,1.56,1.71
2020,6,1,46,66.47,65.51,1.452,1.59
2020,6,2,46,58.97,57.95,1.5217,1.68
2020,6,3,46,48.61,47.4,1.8821,1.99
2020,6,4,46,38.37,36.85,2.0183,2.1
2020,6,5,46,31.62,30.18,2.3996,2.52
2020,6,6,46,28.64,28.29,2.7527,2.89
2020,6,7,46,32.07,31.61,2.1974,2.37
2020,6,8,46,37.32,37.28,1.7907,1.8
2020,6,9,46,45.47,45.14,1.6881,1.85
2020,6,10,46,54.31,53.89,1.8421,2.02
2020,6,11,46,62.64,62.32,1.4938,1.58
2020,6,12,46,67.31,66.93,1.4208,1.61
2020,6,13,46,66,65.51,1.4363,1.59
2020,6,1,47,67.94,67.02,1.216,1.35
2020,6,2,47,60.57,59.57,1.3836,1.45
2020,6,3,47,50.4,49.12,1.7057,1.83
2020,6,4,47,39.86,38.38,1.8782,1.95
2020,6,5,47,33,31.6,2.0642,2.18
2020,6,6,47,30.24,29.74,2.4401,2.56
2020,6,7,47,33.79,33.18,2.1937,2.33
2020,6,8,47,39.33,39.12,1.6692,1.8
2020,6,9,47,47.62,47.14,1.7846,1.96
2020,6,10,47,56.55,56.05,1.9613,2.07
2020,6,11,47,64.64,64.2,1.3637,1.5
2020,6,12,47,69.02,68.53,1.2389,1.4
2020,6,13,47,67.54,67.02,1.2435,1.35
2020,6,1,48,63.72,62.72,1.242,1.38
2020,6,2,48,56.45,55.5,1.1967,1.31
2020,6,3,48,46.02,44.88,1.5176,1.61
2020,6,4,48,34.89,33.62,1.663,1.69
2020,6,5,48,26.82,25.59,1.9007,2.08
2020,6,6,48,24.14,23.54,2.6405,2.76
2020,6,7,48,28.43,27.64,2.427,2.64
2020,6,8,48,35.2,34.72,1.9899,2.11
2020,6,9,48,43.47,43.07,1.8148,1.94
2020,6,10,48,52.16,51.69,1.98,2.08
2020,6,11,48,60.25,59.71,1.5195,1.67
2020,6,12,48,64.59,64.06,1.3731,1.49
2020,6,13,48,63.35,62.72,1.2458,1.38
2020,6,1,49,61.03,59.98,1.3375,1.51
2020,6,2,49,53.22,52.26,1.2921,1.43
2020,6,3,49,41.74,40.89,1.9043,1.98
2020,6,4,49,30.66,29.4,2.0725,2.19
2020,6,5,49,22.4,21.52,2.4554,2.71
2020,6,6,49,19.56,19.15,3.0323,3.13
2020,6,7,49,23.74,23.12,2.5877,2.82
2020,6,8,49,30.16,30.04,2.3098,2.48
2020,6,9,49,39.11,38.97,1.983,2.18
2020,6,10,49,48.11,47.94,2.1205,2.22
2020,6,11,49,56.68,56.46,1.5815,1.75
2020,6,12,49,61.61,61.35,1.5455,1.64
2020,6,13,49,60.49,59.98,1.3934,1.51
2020,6,1,50,74.71,74.66,1.4964,1.57
2020,6,2,50,68.96,68.34,1.565,1.63
2020,6,3,50,59.73,59.15,1.4974,1.65
2020,6,4,50,49.73,49.22,1.9631,2.09
2020,6,5,50,42.5,42.08,2.2692,2.44
2020,6,6,50,40.09,39.64,2.1789,2.24
2020,6,7,50,43.29,42.82,2.1557,2.27
2020,6,8,50,49.98,49.73,1.3589,1.47
2020,6,9,50,58.61,57.78,1.5572,1.64
2020,6,10,50,66.85,65.96,1.632,1.68
2020,6,11,50,73.22,72.48,1.2906,1.44
2020,6,12,50,76.62,76.03,1.3482,1.44
2020,6,13,50,75.31,74.66,1.495,1.57
2020,6,1,51,77.34,77.34,1.54,1.54
2020,6,2,51,71.51,70.9,1.474,1.57
2020,6,3,51,62.16,61.58,1.4679,1.61
2020,6,4,51,51.9,51.33,1.7724,1.87
2020,6,5,51,44.35,43.9,2.189,2.35
2020,6,6,51,41.93,41.38,2.228,2.24
2020,6,7,51,45.32,44.88,2.0233,2.19
2020,6,8,51,52.46,52.2,1.4437,1.58
2020,6,9,51,61.52,60.62,1.5665,1.63
2020,6,10,51,69.93,69.07,1.5297,1.65
2020,6,11,51,76.16,75.59,1.1681,1.3
2020,6,12,51,79.5,78.95,1.283,1.37
2020,6,13,51,77.96,77.34,1.4357,1.54
2020,6,1,52,76.04,76.04,1.76,1.76
2020,6,2,52,70.12,69.44,1.6314,1.72
2020,6,3,52,60.26,59.6,1.6292,1.69
2020,6,4,52,49.75,49.03,1.7736,1.89
2020,6,5,52,42.04,41.37,2.2384,2.37
2020,6,6,52,39.3,38.84,2.2588,2.39
2020,6,7,52,42.82,42.53,2.0917,2.25
2020,6,8,52,50.05,49.88,1.6678,1.78
2020,6,9,52,58.83,58.17,1.5879,1.69
2020,6,10,52,67.13,66.5,1.5426,1.63
2020,6,11,52,73.79,73.34,1.1923,1.35
2020,6,12,52,77.92,77.39,1.4153,1.55
2020,6,13,52,76.64,76.04,1.6872,1.76
2020,6,1,53,78.95,78.65,1.532,1.69
2020,6,2,53,72.41,71.66,1.5832,1.68
2020,6,3,53,61.79,61.04,1.4906,1.62
2020,6,4,53,50.78,49.83,1.7899,1.81
2020,6,5,53,42.88,41.89,2.152,2.23
2020,6,6,53,40.29,39.55,2.3127,2.43
2020,6,7,53,43.82,43.47,2.15,2.34
2020,6,8,53,51.05,50.83,1.9188,2.02
2020,6,9,53,60.16,59.45,1.7793,1.83
2020,6,10,53,68.88,68.26,1.6472,1.78
2020,6,11,53,76.24,75.73,1.3531,1.52
2020,6,12,53,80.69,80.06,1.5484,1.64
2020,6,13,53,79.3,78.65,1.6053,1.69
2020,6,1,54,80.3,79.63,1.3647,1.51
2020,6,2,54,73.91,73.13,1.3764,1.49
2020,6,3,54,64.01,63.14,1.4894,1.61
2020,6,4,54,53.64,52.59,1.6601,1.69
2020,6,5,54,46.56,45.3,2.0381,2.11
2020,6,6,54,44.3,43.24,1.9905,2.17
2020,6,7,54,47.84,47.14,1.9998,2.15
2020,6,8,54,54.39,54.02,1.8007,1.89
2020,6,9,54,63.01,62.29,1.7049,1.76
2020,6,10,54,71.25,70.6,1.7696,1.9
2020,6,11,54,78.16,77.43,1.654,1.82
2020,6,12,54,81.95,81.15,1.4621,1.6
2020,6,13,54,80.37,79.63,1.4423,1.51
2020,6,1,55,76.27,75.42,1.3408,1.51
2020,6,2,55,69.78,68.88,1.4289,1.52
2020,6,3,55,59.97,59.02,1.4416,1.6
2020,6,4,55,49.82,48.65,1.5228,1.61
2020,6,5,55,42.94,41.63,1.8895,2.03
2020,6,6,55,40.84,39.89,1.9697,2.15
2020,6,7,55,44.41,43.63,1.8142,1.9
2020,6,8,55,50.61,50.19,1.5649,1.73
2020,6,9,55,58.87,58.26,1.7381,1.79
2020,6,10,55,67.41,66.8,1.7926,1.96
2020,6,11,55,74.36,73.7,1.4908,1.6
2020,6,12,55,77.88,77.19,1.2622,1.32
2020,6,13,55,76.18,75.42,1.4445,1.51
2020,6,1,56,77.34,76.94,1.1477,1.29
2020,6,2,56,71.74,71.21,1.1874,1.33
2020,6,3,56,63.47,62.94,1.3794,1.54
2020,6,4,56,54.5,53.97,1.8716,2.02
2020,6,5,56,48.06,47.63,2.1633,2.21
2020,6,6,56,46.54,45.57,1.8602,1.95
2020,6,7,56,49.6,48.5,1.9107,2.02
2020,6,8,56,55.21,54.48,1.5425,1.6
2020,6,9,56,62.53,61.61,1.3799,1.39
2020,6,10,56,69.91,68.96,1.3595,1.49
2020,6,11,56,75.91,75.02,1.3205,1.4
2020,6,12,56,78.92,78.2,1.1654,1.22
2020,6,13,56,77.66,76.94,1.2346,1.29
2020,6,1,57,77.77,77.44,1.2943,1.42
2020,6,2,57,72.27,71.65,1.4116,1.51
2020,6,3,57,63.6,63.05,1.4505,1.62
2020,6,4,57,54.32,53.75,1.8783,1.97
2020,6,5,57,47.85,47.24,2.0987,2.17
2020,6,6,57,46.3,45.22,1.8462,1.98
2020,6,7,57,49.47,48.27,1.9916,2.13
2020,6,8,57,55.25,54.42,1.5441,1.57
2020,6,9,57,62.71,61.73,1.465,1.48
2020,6,10,57,70.11,69.15,1.379,1.51
2020,6,11,57,76.09,75.28,1.2346,1.3
2020,6,12,57,79.31,78.54,1.2942,1.34
2020,6,13,57,78.21,77.44,1.2914,1.42
2020,6,1,58,79.11,78.83,1.1625,1.28
2020,6,2,58,73.87,73.3,1.2498,1.33
2020,6,3,58,65.51,64.97,1.3745,1.5
2020,6,4,58,56.49,55.86,1.8135,1.88
2020,6,5,58,50.28,49.45,1.9772,2.13
2020,6,6,58,48.75,47.46,1.9565,2.07
2020,6,7,58,51.77,50.51,2.0337,2.14
2020,6,8,58,57.48,56.7,1.5375,1.56
2020,6,9,58,64.91,63.99,1.38,1.38
2020,6,10,58,72.12,71.25,1.2743,1.41
2020,6,11,58,77.65,76.97,1.0878,1.16
2020,6,12,58,80.64,79.94,1.2119,1.24
2020,6,13,58,79.52,78.83,1.1641,1.28
2020,6,1,59,79.28,79.08,1.392,1.53
2020,6,2,59,73.68,73.06,1.3491,1.45
2020,6,3,59,64.64,64.06,1.3557,1.47
2020,6,4,59,55,54.34,1.6695,1.73
2020,6,5,59,48.37,47.57,1.9627,2.09
2020,6,6,59,46.38,45.43,1.9252,2.01
2020,6,7,59,49.52,48.81,1.9131,2.01
2020,6,8,59,55.85,55.46,1.53,1.53
2020,6,9,59,63.96,63.13,1.3861,1.39
2020,6,10,59,71.6,70.81,1.3558,1.49
2020,6,11,59,77.47,76.91,1.2073,1.25
2020,6,12,59,80.97,80.32,1.3358,1.37
2020,6,13,59,79.79,79.08,1.4569,1.53
2020,6,1,60,81.01,80.63,1.2928,1.43
2020,6,2,60,75.73,75.09,1.2118,1.34
2020,6,3,60,67.15,66.47,1.358,1.45
2020,6,4,60,57.87,57.08,1.6354,1.67
2020,6,5,60,51.65,50.55,1.8545,2.04
2020,6,6,60,49.72,48.5,1.9166,2.03
2020,6,7,60,52.77,51.87,2.0369,2.11
2020,6,8,60,58.53,58.03,1.6642,1.67
2020,6,9,60,66.11,65.25,1.437,1.44
2020,6,10,60,73.11,72.4,1.3859,1.48
2020,6,11,60,78.88,78.25,1.255,1.38
2020,6,12,60,82.38,81.64,1.3455,1.39
2020,6,13,60,81.36,80.63,1.2998,1.43
2020,6,1,61,81.75,81.17,1.3327,1.47
2020,6,2,61,76,75.33,1.1775,1.32
2020,6,3,61,66.79,66.06,1.283,1.4
2020,6,4,61,56.96,56.09,1.5035,1.57
2020,6,5,61,50.34,49.1,1.8696,2.04
2020,6,6,61,48.28,46.96,2.0679,2.13
2020,6,7,61,51.52,50.56,1.9875,2.17
2020,6,8,61,57.48,57.01,1.7873,1.79
2020,6,9,61,65.44,64.64,1.4984,1.5
2020,6,10,61,72.81,72.19,1.5304,1.58
2020,6,11,61,79.2,78.49,1.5188,1.59
2020,6,12,61,83.12,82.24,1.4432,1.57
2020,6,13,61,81.95,81.17,1.3397,1.47
2020,6,1,62,83.01,82.49,0.9591,1.07
2020,6,2,62,78.66,78.24,0.7232,0.81
2020,6,3,62,71.45,70.86,1.0694,1.15
2020,6,4,62,63.18,62.34,1.5457,1.58
2020,6,5,62,57.36,56.08,1.844,1.93
2020,6,6,62,55.47,54.09,2.0469,2.13
2020,6,7,62,58.62,57.13,2.2431,2.34
2020,6,8,62,63.95,62.81,1.9393,1.94
2020,6,9,62,70.4,69.45,1.6,1.6
2020,6,10,62,76.45,75.83,1.5419,1.62
2020,6,11,62,81.44,80.61,1.3225,1.41
2020,6,12,62,84.01,83.28,1.0645,1.14
2020,6,13,62,83.14,82.49,0.9842,1.07
2020,6,1,63,84.86,84.3,1.0004,1.12
2020,6,2,63,80.65,80.3,0.6447,0.72
2020,6,3,63,73.8,73.31,0.9727,1.02
2020,6,4,63,65.91,65.15,1.5288,1.55
2020,6,5,63,60.37,59.16,1.792,1.91
2020,6,6,63,58.72,57.44,2.0912,2.16
2020,6,7,63,62.1,60.87,2.2493,2.32
2020,6,8,63,68.04,66.71,2.08,2.08
2020,6,9,63,74.07,73.16,1.8124,1.83
2020,6,10,63,79.64,79.05,1.7319,1.87
2020,6,11,63,84.1,83.18,1.4583,1.57
2020,6,12,63,86.02,85.31,1.0434,1.17
2020,6,13,63,84.97,84.3,1.053,1.12
2020,6,1,64,80.98,80.36,1.0763,1.19
2020,6,2,64,75.56,75.08,0.7937,0.88
2020,6,3,64,67.19,66.53,1.1382,1.19
2020,6,4,64,58.02,57.23,1.2782,1.34
2020,6,5,64,51.86,50.71,1.6402,1.72
2020,6,6,64,50.16,48.97,1.8489,1.9
2020,6,7,64,53.92,52.67,1.8889,1.97
2020,6,8,64,60,59.07,1.8,1.8
2020,6,9,64,67.44,66.56,1.6477,1.79
2020,6,10,64,74.32,73.68,1.7797,1.9
2020,6,11,64,80.01,79.03,1.6588,1.73
2020,6,12,64,82.59,81.75,1.1944,1.32
2020,6,13,64,81.09,80.36,1.1076,1.19
2020,6,1,65,79.4,78.45,1.3865,1.54
2020,6,2,65,73.98,73.1,1.2997,1.4
2020,6,3,65,65.49,64.59,1.4075,1.51
2020,6,4,65,56.2,55.23,1.3159,1.37
2020,6,5,65,49.84,48.78,1.5011,1.6
2020,6,6,65,48.46,47.55,1.6934,1.71
2020,6,7,65,52.5,51.35,1.7733,1.83
2020,6,8,65,58.94,57.8,1.7582,1.85
2020,6,9,65,66.05,65.39,1.8376,1.9
2020,6,10,65,73.66,73.1,1.8693,1.93
2020,6,11,65,79.36,78.41,1.5501,1.58
2020,6,12,65,81.23,80.43,1.15,1.23
2020,6,13,65,79.45,78.45,1.4282,1.54
2020,6,1,66,80.33,79.81,0.8402,0.94
2020,6,2,66,75.97,75.44,1.0819,1.12
2020,6,3,66,69.04,68.59,1.4266,1.5
2020,6,4,66,61.15,60.6,1.8641,1.98
2020,6,5,66,55.69,54.71,2.084,2.24
2020,6,6,66,54.04,52.8,1.7826,1.9
2020,6,7,66,56.67,55.23,2.0883,2.2
2020,6,8,66,61.11,60.31,1.7918,1.85
2020,6,9,66,67.54,66.56,1.4442,1.47
2020,6,10,66,73.8,72.93,1.241,1.33
2020,6,11,66,78.84,78.11,1.0181,1.1
2020,6,12,66,81.22,80.6,0.8829,0.94
2020,6,13,66,80.41,79.81,0.88,0.94
2020,6,1,67,81.9,81.44,0.5877,0.66
2020,6,2,67,79.56,79.01,0.7723,0.85
2020,6,3,67,74.66,74.34,1.1243,1.2
2020,6,4,67,68.72,68.26,1.7625,1.82
2020,6,5,67,64.52,63.32,2.0593,2.14
2020,6,6,67,62.79,61.49,1.8186,1.99
2020,6,7,67,64.2,62.82,2.1923,2.33
2020,6,8,67,67.12,66.44,1.9141,1.98
2020,6,9,67,71.98,71.04,1.5026,1.57
2020,6,10,67,76.63,75.86,1.1244,1.17
2020,6,11,67,80.23,79.67,0.7831,0.86
2020,6,12,67,82.03,81.54,0.6918,0.73
2020,6,13,67,81.88,81.44,0.6225,0.66
2020,6,1,68,82.67,82.26,0.5008,0.56
2020,6,2,68,81.07,80.57,0.6301,0.67
2020,6,3,68,77.17,76.92,0.9495,1.02
2020,6,4,68,72.34,71.98,1.418,1.56
2020,6,5,68,68.45,67.72,1.865,1.91
2020,6,6,68,67.25,66.1,1.7306,1.84
2020,6,7,68,67.86,66.97,2.0685,2.19
2020,6,8,68,70.3,69.8,1.885,1.94
2020,6,9,68,74.03,73.34,1.4182,1.49
2020,6,10,68,77.88,77.23,1.0092,1.03
2020,6,11,68,80.89,80.41,0.7173,0.77
2020,6,12,68,82.56,82.15,0.5936,0.62
2020,6,13,68,82.62,82.26,0.5305,0.56
2020,6,1,69,79.89,79.35,0.9792,1.1
2020,6,2,69,75.22,74.61,1.192,1.24
2020,6,3,69,67.69,67.22,1.4272,1.48
2020,6,4,69,59.46,58.86,1.7699,1.92
2020,6,5,69,54.08,52.91,2.0911,2.2
2020,6,6,69,52.33,51.04,1.8713,1.92
2020,6,7,69,55.07,53.62,2.0822,2.17
2020,6,8,69,59.88,58.95,1.6618,1.75
2020,6,9,69,66.56,65.6,1.3784,1.46
2020,6,10,69,73.16,72.28,1.2966,1.35
2020,6,11,69,78.35,77.61,1.0208,1.14
2020,6,12,69,80.91,80.21,1.0214,1.08
2020,6,13,69,80.04,79.35,1.0367,1.1
2020,6,1,70,81.15,80.66,0.9459,1.06
2020,6,2,70,76.68,76.09,1.0761,1.17
2020,6,3,70,69.37,68.82,1.3214,1.45
2020,6,4,70,61.18,60.53,1.7027,1.75
2020,6,5,70,55.75,54.58,1.944,2.01
2020,6,6,70,53.98,52.67,1.8712,1.97
2020,6,7,70,56.67,55.29,2.0175,2.12
2020,6,8,70,61.7,60.82,1.5526,1.64
2020,6,9,70,68.4,67.49,1.3148,1.39
2020,6,10,70,74.83,74.02,1.2524,1.29
2020,6,11,70,79.61,78.99,0.9212,1.03
2020,6,12,70,82.08,81.46,0.9478,1
2020,6,13,70,81.29,80.66,0.9664,1.06
2020,6,1,71,81.78,81.32,0.9424,1.05
2020,6,2,71,77.44,76.91,0.9648,1.06
2020,6,3,71,70.33,69.73,1.1561,1.29
2020,6,4,71,62.19,61.44,1.5621,1.62
2020,6,5,71,56.62,55.43,1.8446,1.9
2020,6,6,71,54.7,53.39,1.9556,1.98
2020,6,7,71,57.5,56.15,2.0522,2.16
2020,6,8,71,62.58,61.66,1.6221,1.71
2020,6,9,71,69.1,68.24,1.3143,1.35
2020,6,10,71,75.35,74.67,1.2295,1.29
2020,6,11,71,80.17,79.56,0.9871,1.07
2020,6,12,71,82.72,82.13,0.9046,0.96
2020,6,13,71,81.93,81.32,0.9823,1.05
2020,6,1,72,65.72,64.68,1.5114,1.66
2020,6,2,72,57.88,57.33,1.2687,1.38
2020,6,3,72,46.74,46.41,1.7349,1.91
2020,6,4,72,36.03,35.68,2.1304,2.2
2020,6,5,72,29.64,29.35,2.26,2.48
2020,6,6,72,28.72,28.38,2.8052,2.87
2020,6,7,72,32.85,32.85,2.67,2.67
2020,6,8,72,39.32,39.32,2.14,2.14
2020,6,9,72,46.86,46.86,1.69,1.69
2020,6,10,72,54.19,54.11,1.542,1.71
2020,6,11,72,61.46,61.21,1.4919,1.64
2020,6,12,72,65.79,65.54,1.3769,1.44
2020,6,13,72,65.39,64.68,1.4881,1.66
2020,6,1,73,65.31,64.05,1.6199,1.83
2020,6,2,73,58.1,57.29,1.3776,1.5
2020,6,3,73,47.69,47.29,1.7697,1.92
2020,6,4,73,38.03,37.54,2.093,2.25
2020,6,5,73,32.05,31.66,2.2605,2.49
2020,6,6,73,31.09,30.66,2.8012,2.87
2020,6,7,73,34.74,34.57,2.6781,2.76
2020,6,8,73,40.02,40.02,2.04,2.04
2020,6,9,73,46.54,46.49,1.6452,1.69
2020,6,10,73,53.26,53.07,1.5603,1.72
2020,6,11,73,60.55,60.16,1.6177,1.67
2020,6,12,73,65.07,64.68,1.5033,1.58
2020,6,13,73,64.93,64.05,1.6507,1.83
2020,6,1,74,67.76,66.63,1.4637,1.63
2020,6,2,74,60.4,59.77,1.257,1.38
2020,6,3,74,49.87,49.54,1.787,1.91
2020,6,4,74,39.61,39.24,2.212,2.27
2020,6,5,74,33.61,33.3,2.2787,2.51
2020,6,6,74,32.74,32.39,2.5554,2.6
2020,6,7,74,36.7,36.7,2.37,2.37
2020,6,8,74,42.42,42.42,1.74,1.74
2020,6,9,74,49.16,49.16,1.52,1.52
2020,6,10,74,56.04,55.88,1.4576,1.57
2020,6,11,74,63.25,62.89,1.4228,1.51
2020,6,12,74,67.58,67.24,1.3912,1.44
2020,6,13,74,67.44,66.63,1.5396,1.63
2020,6,1,75,62.51,61.61,1.1655,1.28
2020,6,2,75,57.43,56.94,1.0387,1.13
2020,6,3,75,49.86,49.6,1.4595,1.55
2020,6,4,75,42.53,42.26,1.5942,1.66
2020,6,5,75,38.52,38.26,1.4673,1.58
2020,6,6,75,37.81,37.57,1.626,1.69
2020,6,7,75,39.88,39.88,1.93,1.93
2020,6,8,75,43.11,43.11,1.66,1.66
2020,6,9,75,47.63,47.63,1.64,1.64
2020,6,10,75,52.9,52.67,1.341,1.51
2020,6,11,75,58.39,58.03,1.381,1.4
2020,6,12,75,61.91,61.57,1.268,1.3
2020,6,13,75,62.28,61.61,1.1681,1.28
2020,6,1,76,60.57,59.94,0.7891,0.88
2020,6,2,76,56.91,56.57,0.7377,0.81
2020,6,3,76,51.17,50.97,1.1659,1.22
2020,6,4,76,45.29,45.07,1.4102,1.44
2020,6,5,76,42.06,41.81,1.2987,1.45
2020,6,6,76,41.49,41.22,1.5358,1.65
2020,6,7,76,42.95,42.95,1.84,1.84
2020,6,8,76,45.34,45.34,1.5,1.5
2020,6,9,76,48.85,48.85,1.46,1.46
2020,6,10,76,53.1,52.9,1.1445,1.27
2020,6,11,76,57.37,57.06,1.1627,1.17
2020,6,12,76,60.05,59.78,0.8647,0.96
2020,6,13,76,60.4,59.94,0.8071,0.88
2020,6,1,77,65.16,63.86,1.579,1.76
2020,6,2,77,57.43,56.28,1.4103,1.56
2020,6,3,77,45.75,44.97,1.7726,1.92
2020,6,4,77,34.63,33.55,2.1204,2.21
2020,6,5,77,26.46,25.64,2.4956,2.7
2020,6,6,77,24.07,23.45,3.17,3.35
2020,6,7,77,28.53,27.74,3.2912,3.52
2020,6,8,77,35.15,34.95,2.9596,2.99
2020,6,9,77,43.62,43.54,2.2347,2.27
2020,6,10,77,52.08,51.83,2.0436,2.19
2020,6,11,77,60.33,59.97,1.8052,1.84
2020,6,12,77,65.22,64.87,1.7372,1.75
2020,6,13,77,64.62,63.86,1.6178,1.76
2020,6,1,78,62.43,61.25,1.5957,1.78
2020,6,2,78,54.94,54.12,1.4079,1.47
2020,6,3,78,43.84,43.42,1.6559,1.77
2020,6,4,78,33.25,32.66,1.9365,2.14
2020,6,5,78,26.05,25.64,2.3292,2.5
2020,6,6,78,24.46,24.06,2.676,2.75
2020,6,7,78,28.61,28.36,2.3977,2.54
2020,6,8,78,34.99,34.92,2.1645,2.28
2020,6,9,78,42.72,42.63,1.8022,1.99
2020,6,10,78,50.27,50.11,1.8232,1.92
2020,6,11,78,57.86,57.6,1.6697,1.68
2020,6,12,78,62.51,62.15,1.3965,1.56
2020,6,13,78,62.01,61.25,1.6405,1.78
2020,6,1,79,70.02,68.64,1.6927,1.87
2020,6,2,79,62.04,60.83,1.5555,1.65
2020,6,3,79,50.19,49.55,1.8316,2.01
2020,6,4,79,39.56,38.6,2.2952,2.55
2020,6,5,79,32.22,31.5,2.8301,2.93
2020,6,6,79,30.99,30.37,3.1611,3.32
2020,6,7,79,35.72,35.14,2.9255,3.11
2020,6,8,79,41.93,41.87,2.214,2.26
2020,6,9,79,49.51,49.42,1.7634,1.89
2020,6,10,79,57.19,56.88,2.0428,2.12
2020,6,11,79,65.53,64.98,1.9281,1.94
2020,6,12,79,70.32,69.76,1.6827,1.88
2020,6,13,79,69.59,68.64,1.7186,1.87
2020,6,1,80,64.35,63.17,1.4409,1.6
2020,6,2,80,57.83,56.78,1.3695,1.5
2020,6,3,80,47.79,47.28,1.9123,2
2020,6,4,80,38.73,38.1,1.9194,2.15
2020,6,5,80,33.04,32.55,2.156,2.19
2020,6,6,80,32.08,31.62,2.3626,2.46
2020,6,7,80,35.37,34.97,2.3433,2.44
2020,6,8,80,39.53,39.53,1.82,1.82
2020,6,9,80,45.54,45.36,1.6754,1.84
2020,6,10,80,52.1,51.7,1.9029,1.96
2020,6,11,80,59.59,59.04,1.5999,1.6
2020,6,12,80,64.16,63.61,1.4423,1.54
2020,6,13,80,64.08,63.17,1.463,1.6
2020,6,1,81,66.47,65.52,1.1551,1.29
2020,6,2,81,61.28,60.57,1.0738,1.12
2020,6,3,81,53.23,52.9,1.4181,1.49
2020,6,4,81,45.67,45.29,1.3925,1.56
2020,6,5,81,41.3,41.01,1.394,1.44
2020,6,6,81,40.72,40.44,1.5305,1.57
2020,6,7,81,43.12,42.89,1.6866,1.78
2020,6,8,81,46.21,46.21,1.45,1.45
2020,6,9,81,50.75,50.55,1.4668,1.63
2020,6,10,81,55.97,55.62,1.5824,1.61
2020,6,11,81,61.95,61.47,1.3717,1.39
2020,6,12,81,65.81,65.34,1.226,1.3
2020,6,13,81,66.28,65.52,1.2177,1.29
2020,6,1,82,61.33,60.63,0.8441,0.95
2020,6,2,82,58.57,58.1,0.8172,0.86
2020,6,3,82,53.66,53.45,1.077,1.13
2020,6,4,82,48.56,48.29,1.1867,1.33
2020,6,5,82,45.45,45.2,1.2085,1.33
2020,6,6,82,44.91,44.65,1.4902,1.54
2020,6,7,82,46.07,45.91,1.6011,1.73
2020,6,8,82,47.57,47.57,1.47,1.47
2020,6,9,82,50.32,50.2,1.3891,1.54
2020,6,10,82,53.85,53.58,1.3486,1.36
2020,6,11,82,57.84,57.45,1.0559,1.17
2020,6,12,82,60.44,60.1,0.9791,1.01
2020,6,13,82,61.18,60.63,0.8853,0.95
2020,6,1,83,66.34,65.14,1.4472,1.64
2020,6,2,83,58.64,57.53,1.3741,1.49
2020,6,3,83,47.64,46.37,1.775,1.8
2020,6,4,83,36.56,35.15,1.8507,2.01
2020,6,5,83,28.83,27.38,2.4761,2.63
2020,6,6,83,25.88,25.18,2.9845,3.1
2020,6,7,83,30.01,29.14,2.9352,3.09
2020,6,8,83,36.4,35.85,2.3373,2.45
2020,6,9,83,44.57,44.12,1.9836,2.17
2020,6,10,83,53.05,52.55,2.2289,2.27
2020,6,11,83,61.75,61.09,1.9127,1.94
2020,6,12,83,66.83,66.17,1.7619,1.84
2020,6,13,83,65.98,65.14,1.5487,1.64
2020,6,1,84,73.88,72.84,1.2715,1.42
2020,6,2,84,65.65,64.62,1.3167,1.36
2020,6,3,84,54.19,52.95,1.5595,1.64
2020,6,4,84,42.35,41.05,1.6325,1.73
2020,6,5,84,34.5,33.01,2.2887,2.35
2020,6,6,84,32.36,31.56,2.6827,2.98
2020,6,7,84,37.21,36.34,2.4526,2.63
2020,6,8,84,44.58,43.83,1.7943,1.83
2020,6,9,84,52.8,52.32,1.7635,1.97
2020,6,10,84,61.86,61.32,2.2353,2.26
2020,6,11,84,70.81,69.94,1.9996,2.01
2020,6,12,84,75.36,74.55,1.592,1.71
2020,6,13,84,73.6,72.84,1.2792,1.42
2020,6,1,85,70.99,69.95,1.2783,1.4
2020,6,2,85,62.48,61.55,1.1389,1.27
2020,6,3,85,50.68,49.62,1.5157,1.56
2020,6,4,85,39.19,37.95,1.8897,1.94
2020,6,5,85,31.82,30.23,2.6224,2.74
2020,6,6,85,29.65,28.81,3.0131,3.26
2020,6,7,85,34.54,33.63,2.7143,3.03
2020,6,8,85,41.61,40.81,2.0207,2.12
2020,6,9,85,49.36,48.85,1.9967,2.08
2020,6,10,85,57.79,57.2,2.1866,2.32
2020,6,11,85,66.9,66.02,1.8814,1.9
2020,6,12,85,72.13,71.3,1.6561,1.74
2020,6,13,85,70.74,69.95,1.2741,1.4
2020,6,1,86,65.2,64.25,1.1593,1.29
2020,6,2,86,57.77,56.71,1.34,1.4
2020,6,3,86,46.87,45.92,1.6094,1.75
2020,6,4,86,36.5,35.45,1.8877,1.95
2020,6,5,86,29.88,28.54,2.4169,2.6
2020,6,6,86,27.69,26.97,2.9364,3.06
2020,6,7,86,31.44,30.7,2.6024,2.82
2020,6,8,86,37.09,36.6,1.8165,2.05
2020,6,9,86,44.37,43.89,2.0586,2.17
2020,6,10,86,52.26,51.67,2.3303,2.35
2020,6,11,86,60.98,60.12,1.7337,1.94
2020,6,12,86,65.98,65.21,1.6279,1.7
2020,6,13,86,65,64.25,1.2188,1.29
2020,6,1,87,67.77,66.69,1.3333,1.45
2020,6,2,87,60.77,59.63,1.4132,1.53
2020,6,3,87,50.42,49.51,1.8573,1.92
2020,6,4,87,40.61,39.65,1.9774,2.03
2020,6,5,87,34.47,33.37,2.1724,2.31
2020,6,6,87,32.92,32.28,2.3619,2.48
2020,6,7,87,36.42,35.85,2.1935,2.27
2020,6,8,87,41.42,41.09,1.4224,1.59
2020,6,9,87,48.06,47.49,2.1579,2.22
2020,6,10,87,55.37,54.73,2.2776,2.28
2020,6,11,87,63.75,62.76,1.8674,1.95
2020,6,12,87,68.37,67.51,1.5192,1.68
2020,6,13,87,67.59,66.69,1.3698,1.45
2020,6,1,88,71.49,70.41,1.3269,1.46
2020,6,2,88,66.54,65.39,1.4212,1.54
2020,6,3,88,58.12,57.37,1.7831,1.95
2020,6,4,88,49.54,48.83,1.6549,1.81
2020,6,5,88,43.91,43.33,1.4664,1.52
2020,6,6,88,42.65,42.26,1.3348,1.42
2020,6,7,88,45.11,44.61,1.4384,1.56
2020,6,8,88,48.56,48.22,1.455,1.62
2020,6,9,88,53.98,53.37,2.039,2.12
2020,6,10,88,60.28,59.65,1.8452,2.07
2020,6,11,88,67.37,66.49,1.6296,1.7
2020,6,12,88,71.2,70.45,1.3291,1.39
2020,6,13,88,71.32,70.41,1.3195,1.46
2020,6,1,89,66.97,66.33,0.7883,0.87
2020,6,2,89,63.53,62.83,0.8505,0.95
2020,6,3,89,57.14,56.78,1.1677,1.2
2020,6,4,89,50.56,50.12,1.3949,1.41
2020,6,5,89,46.16,45.76,1.3045,1.33
2020,6,6,89,45.38,45.01,1.363,1.44
2020,6,7,89,47.53,47.05,1.4095,1.58
2020,6,8,89,50.04,49.87,1.4345,1.49
2020,6,9,89,54.04,53.61,1.634,1.66
2020,6,10,89,58.57,58.13,1.344,1.47
2020,6,11,89,63.58,63.1,1.0327,1.08
2020,6,12,89,66.57,66.18,0.7616,0.82
2020,6,13,89,66.87,66.33,0.7861,0.87
2020,6,1,90,70.47,69.58,1.0898,1.2
2020,6,2,90,63.14,62.11,1.2965,1.37
2020,6,3,90,52.49,51.5,1.6304,1.82
2020,6,4,90,41.92,40.98,1.7349,1.77
2020,6,5,90,35.48,34.25,2.1623,2.17
2020,6,6,90,33.9,33.15,2.3932,2.54
2020,6,7,90,37.63,36.99,2.0685,2.16
2020,6,8,90,43.43,42.76,1.5318,1.69
2020,6,9,90,50.41,49.74,2.1792,2.25
2020,6,10,90,58.38,57.74,2.2663,2.37
2020,6,11,90,67.14,66.07,1.686,1.88
2020,6,12,90,71.67,70.77,1.4814,1.52
2020,6,13,90,70.33,69.58,1.1833,1.2
2020,6,1,91,75.76,74.73,1.2748,1.39
2020,6,2,91,70.74,69.7,1.2697,1.41
2020,6,3,91,62.24,61.51,1.7258,1.79
2020,6,4,91,53.28,52.61,1.73,1.73
2020,6,5,91,47.26,46.67,1.4369,1.48
2020,6,6,91,46.11,45.7,1.3281,1.37
2020,6,7,91,48.96,48.47,1.3277,1.46
2020,6,8,91,53.08,52.61,1.5148,1.55
2020,6,9,91,58.41,57.84,2.1264,2.16
2020,6,10,91,64.67,64.11,1.8883,2.11
2020,6,11,91,71.88,70.84,1.7284,1.76
2020,6,12,91,75.59,74.77,1.3116,1.33
2020,6,13,91,75.61,74.73,1.296,1.39
2020,6,1,92,67.01,66.22,0.9972,1.05
2020,6,2,92,65.28,64.43,1.0748,1.12
2020,6,3,92,60.73,60.3,1.1628,1.17
2020,6,4,92,55.32,54.88,1.3,1.3
2020,6,5,92,51.39,50.92,1.2839,1.3
2020,6,6,92,50.48,50.07,1.2849,1.33
2020,6,7,92,52.09,51.63,1.42,1.42
2020,6,8,92,54.3,53.92,1.353,1.36
2020,6,9,92,57.07,56.66,1.6499,1.65
2020,6,10,92,60.32,59.99,1.44,1.44
2020,6,11,92,64.14,63.41,1.2491,1.25
2020,6,12,92,66.21,65.67,0.8799,0.88
2020,6,13,92,66.89,66.22,1.0118,1.05
2020,6,1,93,73.03,72.02,1.2175,1.38
2020,6,2,93,70.3,69.4,1.1047,1.22
2020,6,3,93,64.74,64.27,1.13,1.25
2020,6,4,93,58.75,58.3,1.1675,1.19
2020,6,5,93,54.94,54.43,1.2482,1.34
2020,6,6,93,53.64,53.26,1.24,1.33
2020,6,7,93,54.76,54.39,1.2066,1.26
2020,6,8,93,56.86,56.4,1.1794,1.31
2020,6,9,93,59.9,59.47,1.7143,1.77
2020,6,10,93,63.74,63.34,1.7253,1.73
2020,6,11,93,68.66,67.77,1.3777,1.51
2020,6,12,93,71.91,71.07,1.2349,1.35
2020,6,13,93,72.91,72.02,1.3587,1.38
2020,6,1,94,84.15,83.32,1.0088,1.14
2020,6,2,94,78.05,76.99,1.3017,1.43
2020,6,3,94,68.02,67.19,1.6576,1.82
2020,6,4,94,57.65,56.87,1.5665,1.64
2020,6,5,94,51.28,50.47,1.5944,1.73
2020,6,6,94,49.8,49.25,1.7469,1.84
2020,6,7,94,53.08,52.57,1.4718,1.57
2020,6,8,94,58.37,57.54,1.8118,1.99
2020,6,9,94,64.86,64.22,2.4181,2.51
2020,6,10,94,72.46,71.85,2.5247,2.53
2020,6,11,94,80.67,79.5,1.8638,1.89
2020,6,12,94,84.77,83.86,1.42,1.42
2020,6,13,94,84.05,83.32,1.0925,1.14
2020,6,1,95,85.59,84.03,1.8897,2.13
2020,6,2,95,78.17,76.67,1.8388,2.03
2020,6,3,95,67.09,65.83,2.0589,2.25
2020,6,4,95,55.86,54.79,1.7811,1.91
2020,6,5,95,49.05,48.03,1.6535,1.84
2020,6,6,95,47.47,46.91,1.7363,1.82
2020,6,7,95,51.31,50.73,1.6336,1.74
2020,6,8,95,57.46,56.49,1.6921,1.87
2020,6,9,95,64.62,63.96,2.466,2.54
2020,6,10,95,73.02,72.43,2.4796,2.48
2020,6,11,95,82.15,80.7,2.3076,2.33
2020,6,12,95,86.51,85.17,2.0367,2.17
2020,6,13,95,85.36,84.03,2.0187,2.13
2020,6,1,96,86.77,85.74,1.2506,1.41
2020,6,2,96,80.53,79.49,1.2689,1.42
2020,6,3,96,70.85,69.83,1.6231,1.78
2020,6,4,96,60.33,59.38,1.4118,1.47
2020,6,5,96,53.76,52.96,1.2553,1.38
2020,6,6,96,52.12,51.65,1.431,1.49
2020,6,7,96,55.35,54.82,1.2946,1.41
2020,6,8,96,60.77,59.89,1.4545,1.61
2020,6,9,96,67.29,66.7,1.9454,2.1
2020,6,10,96,75.25,74.73,2.0757,2.08
2020,6,11,96,83.26,82.22,1.5642,1.67
2020,6,12,96,87.3,86.4,1.3549,1.41
2020,6,13,96,86.65,85.74,1.337,1.41
2020,6,1,97,69.64,68.8,1.015,1.14
2020,6,2,97,63,62.12,1.075,1.19
2020,6,3,97,53.54,52.51,1.278,1.4
2020,6,4,97,43.46,42.38,1.3586,1.44
2020,6,5,97,36.87,35.83,1.484,1.64
2020,6,6,97,34.99,34.4,1.8775,1.92
2020,6,7,97,38.35,37.68,1.6144,1.76
2020,6,8,97,44.15,43.17,1.512,1.56
2020,6,9,97,50.73,50.22,1.8437,1.91
2020,6,10,97,58.88,58.37,2.0642,2.07
2020,6,11,97,66.95,65.99,1.5228,1.68
2020,6,12,97,70.79,69.98,1.2208,1.35
2020,6,13,97,69.5,68.8,1.0696,1.14
2020,6,1,98,79.25,78.17,1.3081,1.47
2020,6,2,98,73.74,72.74,1.2201,1.36
2020,6,3,98,65.39,64.43,1.4823,1.64
2020,6,4,98,56.01,55.02,1.3466,1.41
2020,6,5,98,49.88,49,1.2754,1.42
2020,6,6,98,48.14,47.64,1.4608,1.51
2020,6,7,98,51.11,50.41,1.4392,1.58
2020,6,8,98,56.25,55.25,1.5814,1.68
2020,6,9,98,62.27,61.73,1.808,1.89
2020,6,10,98,70.18,69.66,1.9504,2
2020,6,11,98,77.22,76.18,1.5358,1.67
2020,6,12,98,80.26,79.35,1.3651,1.39
2020,6,13,98,79.12,78.17,1.3615,1.47
2020,6,1,99,65.05,64.21,1.0134,1.16
2020,6,2,99,58.35,57.5,1.0316,1.17
2020,6,3,99,48.55,47.55,1.2366,1.35
2020,6,4,99,38.08,36.96,1.4026,1.49
2020,6,5,99,31.06,29.73,1.8438,2.05
2020,6,6,99,28.81,28.08,2.4648,2.51
2020,6,7,99,32.66,31.76,2.034,2.26
2020,6,8,99,38.55,38.01,1.5492,1.62
2020,6,9,99,46.08,45.64,1.5513,1.65
2020,6,10,99,54.5,54.01,1.7405,1.88
2020,6,11,99,62.18,61.57,1.4127,1.52
2020,6,12,99,66.12,65.54,1.1274,1.17
2020,6,13,99,64.8,64.21,1.0967,1.16
2020,6,1,100,74.81,73.83,1.2972,1.5
2020,6,2,100,68.48,67.48,1.3589,1.52
2020,6,3,100,59.01,57.98,1.4427,1.59
2020,6,4,100,49.15,47.91,1.5425,1.67
2020,6,5,100,42.59,41.29,1.8576,1.98
2020,6,6,100,40.65,39.77,2.0232,2.07
2020,6,7,100,44.31,43.38,1.6813,1.85
2020,6,8,100,50.15,49.51,1.5041,1.58
2020,6,9,100,57.79,57.24,1.6653,1.74
2020,6,10,100,66.27,65.71,1.9846,1.99
2020,6,11,100,73.24,72.48,1.6144,1.62
2020,6,12,100,76.41,75.69,1.2066,1.26
2020,6,13,100,74.66,73.83,1.3393,1.5
2020,6,1,101,68.99,68.11,1.0689,1.21
2020,6,2,101,62.71,61.79,1.1437,1.23
2020,6,3,101,53.45,52.52,1.171,1.3
2020,6,4,101,43.81,42.77,1.2665,1.41
2020,6,5,101,37.53,36.43,1.6116,1.65
2020,6,6,101,35.87,35.22,1.7484,1.79
2020,6,7,101,39.32,38.51,1.4728,1.63
2020,6,8,101,44.91,44.14,1.3464,1.4
2020,6,9,101,51.65,51.2,1.4539,1.53
2020,6,10,101,59.87,59.39,1.7786,1.78
2020,6,11,101,67.05,66.33,1.352,1.43
2020,6,12,101,70.39,69.7,1.102,1.13
2020,6,13,101,68.82,68.11,1.0889,1.21
2020,6,1,102,76.34,75.25,1.353,1.52
2020,6,2,102,70.17,69.1,1.3377,1.45
2020,6,3,102,60.78,59.88,1.2691,1.38
2020,6,4,102,50.97,49.98,1.2276,1.34
2020,6,5,102,44.6,43.61,1.4432,1.49
2020,6,6,102,43.23,42.56,1.5542,1.61
2020,6,7,102,46.95,46.1,1.3783,1.53
2020,6,8,102,52.8,51.85,1.4596,1.53
2020,6,9,102,59.59,59.04,1.6348,1.74
2020,6,10,102,67.89,67.33,1.8275,1.94
2020,6,11,102,74.93,74.01,1.5632,1.6
2020,6,12,102,77.86,77.01,1.2815,1.32
2020,6,13,102,76.22,75.25,1.4069,1.52
