"YEAR","MN","LEAD","CD","ForecastedMEAN","ClimatologicalMEAN","ForecastedSD","ClimatologicalSD","PO"
2024,8,1,1,12.49,11.47,0.1225,0.13,0.28
2024,8,2,1,12.23,11.67,0.1706,0.18,0.3
2024,8,3,1,10.07,9.86,0.3671,0.38,0.55
2024,8,4,1,9.46,8.99,0.9081,0.91,0.87
2024,8,5,1,8.38,8.29,1.2669,1.31,0.93
2024,8,6,1,8.87,8.71,0.4472,0.45,0.58
2024,8,7,1,9.88,9.73,0.2128,0.22,0.42
2024,8,8,1,11.53,11.53,3.14,3.14,1.05
2024,8,9,1,12.57,12.57,0.4,0.4,0.52
2024,8,10,1,12.75,12.75,0.17,0.17,0.36
2024,8,11,1,11.62,11.62,0.23,0.23,0.46
2024,8,12,1,12.16,12.16,0.22,0.22,0.37
2024,8,13,1,11.47,11.47,0.13,0.13,0.28
2024,8,1,2,14.73,13.34,0.1464,0.15,0.29
2024,8,2,2,13.96,13.5,0.1946,0.2,0.32
2024,8,3,2,12.42,12.22,0.4715,0.5,0.6
2024,8,4,2,11.43,10.92,2.0003,2.19,1.07
2024,8,5,2,10.6,10.38,0.5934,0.6,0.6
2024,8,6,2,11.09,10.8,0.1717,0.18,0.35
2024,8,7,2,11.1,11.1,0.13,0.13,0.29
2024,8,8,2,12.11,12.11,0.51,0.51,0.5
2024,8,9,2,11.34,11.34,0.14,0.14,0.26
2024,8,10,2,11.1,11.1,0.15,0.15,0.29
2024,8,11,2,11.17,11.17,0.28,0.28,0.41
2024,8,12,2,12.11,12.11,0.27,0.27,0.38
2024,8,13,2,13.34,13.34,0.15,0.15,0.29
2024,8,1,3,12.1,11.7,0.2613,0.28,0.43
2024,8,2,3,11.93,11.49,0.3418,0.35,0.47
2024,8,3,3,10.02,9.75,0.2145,0.22,0.46
2024,8,4,3,9.43,9.13,0.9926,1.08,0.97
2024,8,5,3,8.75,8.58,0.4505,0.46,0.62
2024,8,6,3,9.14,8.87,0.16,0.16,0.34
2024,8,7,3,10.64,10.36,0.1293,0.13,0.29
2024,8,8,3,11.85,11.85,0.96,0.96,0.67
2024,8,9,3,12.5,12.5,0.9,0.9,0.68
2024,8,10,3,13.02,12.91,0.74,0.74,0.67
2024,8,11,3,12.89,12.76,0.09,0.09,0.28
2024,8,12,3,12.94,12.7,0.1156,0.12,0.29
2024,8,13,3,11.7,11.7,0.28,0.28,0.43
2024,8,1,4,13.62,12.24,0.2592,0.28,0.38
2024,8,2,4,13.13,12.65,0.2891,0.3,0.39
2024,8,3,4,11.9,11.74,0.6856,0.72,0.66
2024,8,4,4,11.25,11.07,2.1348,2.29,1.06
2024,8,5,4,11.05,10.8,0.3677,0.37,0.47
2024,8,6,4,11.45,11.15,0.2465,0.25,0.38
2024,8,7,4,12.05,12.05,0.13,0.13,0.3
2024,8,8,4,12.2,12.2,0.41,0.41,0.47
2024,8,9,4,12.52,12.16,0.2489,0.25,0.37
2024,8,10,4,13.44,12.82,0.4498,0.45,0.49
2024,8,11,4,13.56,12.76,0.1573,0.16,0.28
2024,8,12,4,14.2,13.21,0.1527,0.16,0.28
2024,8,13,4,12.7,12.24,0.2786,0.28,0.38
2024,8,1,5,10.79,10.79,0.47,0.47,0.59
2024,8,2,5,10.6,10.42,0.6142,0.63,0.71
2024,8,3,5,9.88,9.66,0.8548,0.88,0.86
2024,8,4,5,9.05,8.67,1.5716,1.64,1.07
2024,8,5,5,8.55,8.28,0.2019,0.21,0.47
2024,8,6,5,9.38,9,0.0991,0.1,0.28
2024,8,7,5,10.21,9.96,0.0972,0.1,0.27
2024,8,8,5,11.29,11.29,0.6,0.6,0.59
2024,8,9,5,11.73,11.73,3.18,3.18,1.04
2024,8,10,5,11.9,11.9,2.74,2.74,1.03
2024,8,11,5,12.05,12.05,0.1,0.1,0.26
2024,8,12,5,11.49,11.49,0.14,0.14,0.35
2024,8,13,5,10.79,10.79,0.47,0.47,0.59
2024,8,1,6,8.96,8.96,0.43,0.43,0.51
2024,8,2,6,8.95,8.95,0.17,0.17,0.38
2024,8,3,6,9.12,8.97,1.3164,1.34,0.89
2024,8,4,6,9.24,8.66,0.6063,0.65,0.7
2024,8,5,6,9.34,8.53,0.2541,0.26,0.42
2024,8,6,6,10.19,9.35,0.1194,0.12,0.28
2024,8,7,6,11.46,11.29,0.2999,0.3,0.49
2024,8,8,6,12.73,12.73,3.42,3.42,1.05
2024,8,9,6,13.25,13.25,3.59,3.59,1.06
2024,8,10,6,12.22,12.22,0.99,0.99,0.77
2024,8,11,6,10.66,10.66,0.12,0.12,0.28
2024,8,12,6,9.79,9.79,0.64,0.64,0.63
2024,8,13,6,8.96,8.96,0.43,0.43,0.51
2024,8,1,7,12.68,11.78,1.3055,1.31,0.71
2024,8,2,7,11.24,10.98,1.0743,1.11,0.68
2024,8,3,7,10.38,10.38,0.26,0.26,0.4
2024,8,4,7,9.67,9.67,0.35,0.35,0.5
2024,8,5,7,9.47,9.47,0.18,0.18,0.33
2024,8,6,7,10.4,10.4,0.47,0.47,0.53
2024,8,7,7,11.33,11.33,0.38,0.38,0.54
2024,8,8,7,11.94,11.94,0.53,0.53,0.56
2024,8,9,7,13.14,12.67,0.4747,0.48,0.5
2024,8,10,7,14.04,13.21,0.4926,0.51,0.54
2024,8,11,7,13.82,12.64,0.2091,0.21,0.33
2024,8,12,7,14.42,12.92,0.1654,0.17,0.29
2024,8,13,7,12.35,11.78,1.2711,1.31,0.71
2024,8,1,8,10.94,10.57,0.1387,0.14,0.27
2024,8,2,8,10.2,10.07,1.6945,1.81,0.97
2024,8,3,8,9.72,9.69,2.0275,2.05,1.02
2024,8,4,8,9.29,9.06,1.7968,1.9,1.04
2024,8,5,8,9.06,8.8,0.2672,0.27,0.46
2024,8,6,8,10.09,9.65,0.1498,0.15,0.29
2024,8,7,8,11.47,11.47,0.12,0.12,0.28
2024,8,8,8,11.97,11.97,0.4,0.4,0.5
2024,8,9,8,12.85,12.65,0.6455,0.65,0.59
2024,8,10,8,12.46,12.18,0.3,0.3,0.45
2024,8,11,8,13.14,12.49,0.1318,0.14,0.25
2024,8,12,8,11.58,11.11,0.1152,0.12,0.26
2024,8,13,8,10.92,10.57,0.1368,0.14,0.27
2024,8,1,9,9.48,9.48,0.4,0.4,0.44
2024,8,2,9,9.93,9.93,2.86,2.86,1.07
2024,8,3,9,10.35,10.35,2.31,2.31,1.05
2024,8,4,9,10.83,10.49,0.4078,0.45,0.56
2024,8,5,9,11.12,10.73,0.1083,0.11,0.29
2024,8,6,9,11.33,10.95,0.6083,0.61,0.62
2024,8,7,9,12.91,12.91,0.75,0.75,0.71
2024,8,8,9,13.36,13.36,3.62,3.62,1.06
2024,8,9,9,14.35,14.35,3.74,3.74,1.07
2024,8,10,9,13.47,13.47,2.88,2.88,1.06
2024,8,11,9,12.54,12.54,0.13,0.13,0.28
2024,8,12,9,10.73,10.73,0.16,0.16,0.29
2024,8,13,9,9.48,9.48,0.4,0.4,0.44
2024,8,1,10,13.02,12.06,1.1469,1.15,0.63
2024,8,2,10,10.44,10.44,0.82,0.82,0.59
2024,8,3,10,10.94,10.73,0.1778,0.18,0.29
2024,8,4,10,10.06,10.06,0.4609,0.48,0.53
2024,8,5,10,10.09,10.09,0.29,0.29,0.41
2024,8,6,10,10.34,10.34,0.48,0.48,0.54
2024,8,7,10,11.61,11.61,1.21,1.21,0.8
2024,8,8,10,12.19,12.19,1.34,1.34,0.78
2024,8,9,10,13.95,13.63,0.43,0.43,0.51
2024,8,10,10,14.47,13.98,1.7781,1.78,0.85
2024,8,11,10,15.07,13.95,0.3188,0.33,0.4
2024,8,12,10,14.25,12.89,0.3151,0.32,0.39
2024,8,13,10,12.75,12.06,1.1404,1.15,0.63
2024,8,1,11,11.22,11.22,0.94,0.94,0.61
2024,8,2,11,11.7,11.7,0.34,0.34,0.42
2024,8,3,11,12.97,13.05,2.819,2.94,1.01
2024,8,4,11,13.48,13.36,0.6024,0.61,0.56
2024,8,5,11,13.74,13.48,0.3057,0.31,0.43
2024,8,6,11,13.48,13.18,0.228,0.23,0.36
2024,8,7,11,13.69,13.69,1.42,1.42,0.8
2024,8,8,11,13.66,13.66,1.07,1.07,0.72
2024,8,9,11,14.19,14.19,0.21,0.21,0.38
2024,8,10,11,14.01,13.78,0.1599,0.16,0.34
2024,8,11,11,13.31,13.01,0.3458,0.36,0.47
2024,8,12,11,11.98,11.49,0.4047,0.42,0.45
2024,8,13,11,11.54,11.22,0.9398,0.94,0.61
2024,8,1,12,14.78,13,0.3596,0.36,0.38
2024,8,2,12,10.03,10.03,0.29,0.29,0.34
2024,8,3,12,10.05,10.57,0.7788,0.8,0.59
2024,8,4,12,9.81,10.47,0.461,0.48,0.49
2024,8,5,12,10.61,10.86,0.1296,0.13,0.28
2024,8,6,12,10.55,10.47,0.1188,0.12,0.28
2024,8,7,12,10.85,10.85,0.52,0.52,0.56
2024,8,8,12,12.13,12.13,0.65,0.65,0.62
2024,8,9,12,14.63,14.51,1.4,1.4,0.8
2024,8,10,12,17.18,16.97,1.1023,1.11,0.77
2024,8,11,12,18.84,18.45,0.6772,0.68,0.61
2024,8,12,12,16.24,15.59,0.258,0.26,0.38
2024,8,13,12,13.66,13,0.3529,0.36,0.38
2024,8,1,13,11.43,10.99,1.13,1.13,0.65
2024,8,2,13,10.47,10.47,0.23,0.23,0.28
2024,8,3,13,10.6,10.85,0.6392,0.68,0.56
2024,8,4,13,10.76,11.11,1.0961,1.14,0.72
2024,8,5,13,11.38,11.37,0.89,0.89,0.69
2024,8,6,13,10.89,10.89,0.42,0.42,0.5
2024,8,7,13,11.08,11.08,0.62,0.62,0.57
2024,8,8,13,11.56,11.56,0.47,0.47,0.54
2024,8,9,13,12.36,12.36,0.62,0.62,0.58
2024,8,10,13,13.41,13.14,0.2949,0.3,0.42
2024,8,11,13,13.47,13.4,2.6467,2.67,0.97
2024,8,12,13,12.43,12.26,1.3925,1.4,0.77
2024,8,13,13,11.32,10.99,1.0971,1.13,0.65
2024,8,1,14,9.4,9.4,2.39,2.39,1.07
2024,8,2,14,8.22,8.12,2.247,2.32,1.06
2024,8,3,14,6.77,6.3,1.6478,1.78,1.06
2024,8,4,14,5.81,5.3,0.9592,0.98,0.87
2024,8,5,14,5.16,4.89,0.3947,0.41,0.59
2024,8,6,14,6.26,5.93,0.48,0.48,0.6
2024,8,7,14,7.97,7.71,0.3989,0.4,0.58
2024,8,8,14,9.92,9.69,1.181,1.19,0.86
2024,8,9,14,10.35,10.35,1.16,1.16,0.86
2024,8,10,14,10.31,10.31,2.19,2.19,1.05
2024,8,11,14,10.15,10.15,2.29,2.29,1.07
2024,8,12,14,10.26,10.261,0.24001,0.24,1.5
2024,8,13,14,9.4,9.4,2.39,2.39,1.07
2024,8,1,15,6.94,6.94,2,2,0.98
2024,8,2,15,4.78,4.78,1.25,1.25,0.87
2024,8,3,15,3.19,2.97,0.3547,0.38,0.54
2024,8,4,15,2.57,2.4,0.2023,0.21,0.44
2024,8,5,15,2.56,2.48,0.2481,0.25,0.49
2024,8,6,15,3.56,3.46,0.342,0.35,0.55
2024,8,7,15,5.93,5.86,1.3399,1.34,0.98
2024,8,8,15,9.16,9.1,2.25,2.25,1.06
2024,8,9,15,11.04,11.04,2.31,2.31,1.07
2024,8,10,15,11.41,11.33,0.2254,0.23,0.43
2024,8,11,15,10.03,10.12,2.3111,2.41,1.01
2024,8,12,15,8.88,8.94,2.2001,2.3,1.05
2024,8,13,15,6.93,6.94,1.9877,2,0.98
2024,8,1,16,4.32,4.32,0.42,0.42,0.47
2024,8,2,16,2.84,2.84,0.35,0.35,0.42
2024,8,3,16,1.75,1.75,0.23,0.23,0.37
2024,8,4,16,1.57,1.57,0.13,0.13,0.31
2024,8,5,16,1.79,1.79,0.64,0.64,0.91
2024,8,6,16,2.51,2.51,0.16,0.16,0.35
2024,8,7,16,4.78,4.78,0.26,0.26,0.43
2024,8,8,16,7.88,7.88,0.51,0.51,0.6
2024,8,9,16,9.67,9.67,0.38,0.38,0.5
2024,8,10,16,9.32,9.31,0.1175,0.12,0.29
2024,8,11,16,7.65,7.75,0.7357,0.77,0.72
2024,8,12,16,6.17,6.04,0.2572,0.26,0.41
2024,8,13,16,4.51,4.32,0.4178,0.42,0.47
2024,8,1,17,3.19,3.19,0.2,0.2,0.29
2024,8,2,17,2.16,2.16,0.2,0.2,0.28
2024,8,3,17,1.35,1.35,0.18,0.18,0.29
2024,8,4,17,1.3,1.3,0.12,0.12,0.26
2024,8,5,17,1.6,1.5,0.12,0.12,0.28
2024,8,6,17,2.35,2.35,0.11,0.11,0.27
2024,8,7,17,4.31,4.31,0.31,0.31,0.45
2024,8,8,17,6.92,6.92,0.61,0.61,0.64
2024,8,9,17,8.19,8.12,0.3792,0.38,0.49
2024,8,10,17,7.43,7.61,0.1076,0.11,0.27
2024,8,11,17,5.57,5.73,0.1278,0.13,0.28
2024,8,12,17,4.65,4.43,0.17,0.17,0.29
2024,8,13,17,3.42,3.19,0.1975,0.2,0.29
2024,8,1,18,2.7,2.7,0.13,0.13,0.28
2024,8,2,18,1.88,1.88,0.14,0.14,0.29
2024,8,3,18,1.24,1.24,0.3,0.3,0.62
2024,8,4,18,1.21,1.14,0.1475,0.16,0.38
2024,8,5,18,1.47,1.36,0.0991,0.1,0.28
2024,8,6,18,2.3,2.3,0.23,0.23,0.48
2024,8,7,18,4.17,4.17,0.15,0.15,0.27
2024,8,8,18,6.58,6.49,0.16,0.16,0.29
2024,8,9,18,6.91,6.95,0.363,0.37,0.46
2024,8,10,18,5.52,5.73,0.15,0.15,0.28
2024,8,11,18,4.11,4.3,0.114,0.12,0.25
2024,8,12,18,3.65,3.56,0.19,0.19,0.36
2024,8,13,18,2.78,2.7,0.127,0.13,0.28
2024,8,1,19,2.72,2.72,0.11,0.11,0.27
2024,8,2,19,2.06,2.01,0.5323,0.55,0.91
2024,8,3,19,1.6,1.49,0.1423,0.15,0.35
2024,8,4,19,1.49,1.32,0.1092,0.12,0.28
2024,8,5,19,1.64,1.47,0.1898,0.2,0.54
2024,8,6,19,2.24,2.24,0.21,0.21,0.47
2024,8,7,19,3.87,3.87,0.26,0.26,0.49
2024,8,8,19,5.87,6.19,0.2478,0.25,0.44
2024,8,9,19,6.09,6.44,0.327,0.33,0.47
2024,8,10,19,4.99,5.36,0.1784,0.18,0.28
2024,8,11,19,3.26,3.52,0.1895,0.19,0.29
2024,8,12,19,3.22,3.17,0.12,0.12,0.26
2024,8,13,19,2.79,2.72,0.1072,0.11,0.27
2024,8,1,20,3.42,3.42,0.54,0.54,0.77
2024,8,2,20,2.73,2.7,0.4089,0.41,0.77
2024,8,3,20,1.95,1.88,0.1059,0.11,0.29
2024,8,4,20,1.97,1.82,0.1083,0.12,0.29
2024,8,5,20,2.26,2.06,0.1193,0.12,0.33
2024,8,6,20,3.18,3.18,0.86,0.86,1.02
2024,8,7,20,5.06,5.06,0.11,0.11,0.29
2024,8,8,20,6.64,6.87,0.1778,0.18,0.39
2024,8,9,20,6.38,6.65,0.3237,0.33,0.49
2024,8,10,20,4.8,5.03,0.1998,0.2,0.31
2024,8,11,20,3.59,3.78,0.199,0.2,0.32
2024,8,12,20,3.84,3.8,0.3089,0.31,0.53
2024,8,13,20,3.42,3.42,0.54,0.54,0.77
2024,8,1,21,4.25,4.25,1.05,1.05,1.04
2024,8,2,21,4.56,4.36,0.4971,0.51,0.69
2024,8,3,21,4.37,4.04,0.134,0.14,0.3
2024,8,4,21,4.05,3.72,0.2667,0.28,0.52
2024,8,5,21,3.83,3.49,0.1276,0.13,0.34
2024,8,6,21,3.7,3.7,0.16,0.16,0.41
2024,8,7,21,4.73,4.73,0.3,0.3,0.63
2024,8,8,21,5.62,5.9,0.1763,0.18,0.41
2024,8,9,21,5.36,5.62,0.1199,0.12,0.29
2024,8,10,21,4.14,4.4,0.1799,0.18,0.33
2024,8,11,21,2.89,3.15,0.3971,0.4,0.55
2024,8,12,21,3.66,3.66,0.1594,0.16,0.4
2024,8,13,21,4.25,4.25,1.05,1.05,1.04
2024,8,1,22,9.48,9.48,0.33,0.33,0.49
2024,8,2,22,8.66,8.55,2.3444,2.5,1.07
2024,8,3,22,7.73,7.32,6.7306,6.91,1.5
2024,8,4,22,6.83,6.08,0.4113,0.42,0.54
2024,8,5,22,6.32,5.86,0.6978,0.71,0.71
2024,8,6,22,7.59,7.11,0.4096,0.41,0.57
2024,8,7,22,9.06,8.77,0.4985,0.51,0.61
2024,8,8,22,10.35,10.15,1.34,1.34,0.87
2024,8,9,22,9.87,9.87,1,1,0.85
2024,8,10,22,9.83,9.83,0.08,0.08,0.29
2024,8,11,22,9.75,9.75,0.1,0.1,0.3
2024,8,12,22,10.04,10.04,0.44,0.44,0.6
2024,8,13,22,9.48,9.48,0.33,0.33,0.49
2024,8,1,23,8.82,8.82,0.37,0.37,0.5
2024,8,2,23,8.08,8.08,0.45,0.45,0.59
2024,8,3,23,7.73,7.41,2.1885,2.21,1.06
2024,8,4,23,7.48,6.75,0.3623,0.37,0.52
2024,8,5,23,7.26,6.63,0.5091,0.53,0.61
2024,8,6,23,8.36,7.73,0.4892,0.49,0.6
2024,8,7,23,10.13,9.95,1.1469,1.15,0.83
2024,8,8,23,11.65,11.53,2.72,2.72,1.02
2024,8,9,23,11.46,11.46,0.88,0.88,0.72
2024,8,10,23,11.2,11.2,2.14,2.14,1.07
2024,8,11,23,10.51,10.51,0.48,0.48,0.61
2024,8,12,23,9.81,9.81,2.58,2.58,1.04
2024,8,13,23,8.82,8.82,0.37,0.37,0.5
2024,8,1,24,9.62,9.62,0.94,0.94,0.73
2024,8,2,24,8.97,8.97,0.53,0.53,0.6
2024,8,3,24,8.65,8.53,2.4584,2.53,1.03
2024,8,4,24,7.98,7.56,0.7966,0.86,0.73
2024,8,5,24,8.31,7.71,1.002,1.02,0.77
2024,8,6,24,10.3,9.44,0.6933,0.7,0.66
2024,8,7,24,11.88,11.74,3.3924,3.43,1.05
2024,8,8,24,13.68,13.6,4.5,4.5,1.07
2024,8,9,24,13.53,13.53,2.56,2.56,0.94
2024,8,10,24,12.46,12.46,3.47,3.47,1.07
2024,8,11,24,10.54,10.54,0.21,0.21,0.35
2024,8,12,24,9.99,9.99,0.32,0.32,0.43
2024,8,13,24,9.62,9.62,0.94,0.94,0.73
2024,8,1,25,8.87,8.87,0.22,0.22,0.34
2024,8,2,25,7.05,7.05,0.42,0.42,0.52
2024,8,3,25,6.18,5.85,1.484,1.53,0.93
2024,8,4,25,5.48,5.1,0.8874,0.91,0.8
2024,8,5,25,5.75,5.47,1.7029,1.82,1.07
2024,8,6,25,8.33,7.6,0.4368,0.44,0.53
2024,8,7,25,10.76,10.54,2.5545,2.6,1
2024,8,8,25,13.47,13.28,4.3883,4.39,1.07
2024,8,9,25,13.65,13.65,2.35,2.35,0.91
2024,8,10,25,12.99,12.99,1.62,1.62,0.81
2024,8,11,25,11.88,11.88,0.41,0.41,0.48
2024,8,12,25,10.08,10.08,0.17,0.17,0.3
2024,8,13,25,8.87,8.87,0.22,0.22,0.34
2024,8,1,26,8.77,8.77,2.91,2.91,1.06
2024,8,2,26,6.44,6.44,1.89,1.89,1.01
2024,8,3,26,4.82,4.43,0.6855,0.7,0.72
2024,8,4,26,3.98,3.67,1.0393,1.11,1.02
2024,8,5,26,4.02,3.86,0.5615,0.58,0.73
2024,8,6,26,5.97,5.81,1.7923,1.8,1.06
2024,8,7,26,9.07,8.8,0.5546,0.56,0.62
2024,8,8,26,11.81,11.57,1.4578,1.46,0.83
2024,8,9,26,12.69,12.69,3.17,3.17,1.07
2024,8,10,26,12.91,12.91,0.4,0.4,0.53
2024,8,11,26,11.68,11.68,0.59,0.59,0.57
2024,8,12,26,10.84,10.84,3.4,3.4,1.05
2024,8,13,26,8.77,8.77,2.91,2.91,1.06
2024,8,1,27,7.55,7.55,2.32,2.32,0.95
2024,8,2,27,5.31,5.31,0.85,0.85,0.71
2024,8,3,27,3.76,3.5,0.5875,0.61,0.64
2024,8,4,27,3.02,2.87,0.847,0.9,1.01
2024,8,5,27,3.37,3.33,0.3941,0.4,0.71
2024,8,6,27,5.46,5.45,1.6355,1.64,1.04
2024,8,7,27,8.82,8.66,0.84,0.84,0.71
2024,8,8,27,11.84,11.71,1.59,1.59,0.84
2024,8,9,27,13.01,13.01,1.27,1.27,0.79
2024,8,10,27,12.91,12.91,0.55,0.55,0.6
2024,8,11,27,11.44,11.44,0.98,0.98,0.67
2024,8,12,27,10.13,10.13,4.03,4.03,1.06
2024,8,13,27,7.52,7.55,2.2356,2.32,0.95
2024,8,1,28,5.94,5.94,1.61,1.61,0.88
2024,8,2,28,3.84,3.84,0.46,0.46,0.5
2024,8,3,28,2.25,2.25,0.43,0.43,0.54
2024,8,4,28,1.92,1.92,0.13,0.13,0.28
2024,8,5,28,2.41,2.41,0.13,0.13,0.28
2024,8,6,28,4.18,4.18,0.19,0.19,0.32
2024,8,7,28,6.82,6.82,0.4,0.4,0.54
2024,8,8,28,10,10,1.39,1.39,0.87
2024,8,9,28,11.33,11.33,0.45,0.45,0.55
2024,8,10,28,10.84,10.84,2.15,2.15,0.99
2024,8,11,28,9.32,9.32,0.34,0.34,0.44
2024,8,12,28,8.05,8.05,2.08,2.08,0.92
2024,8,13,28,5.91,5.94,1.5607,1.61,0.88
2024,8,1,29,4.04,3.9,0.3358,0.34,0.44
2024,8,2,29,2.7,2.7,0.26,0.26,0.36
2024,8,3,29,1.5,1.5,0.16,0.16,0.3
2024,8,4,29,1.48,1.48,0.14,0.14,0.29
2024,8,5,29,1.92,1.92,0.1,0.1,0.24
2024,8,6,29,3.53,3.53,0.47,0.47,0.61
2024,8,7,29,6.16,6.16,1.13,1.13,0.8
2024,8,8,29,8.94,8.94,3.08,3.08,1.07
2024,8,9,29,9.58,9.58,1.66,1.66,0.87
2024,8,10,29,8.68,8.72,2.532,2.54,1.06
2024,8,11,29,6.93,6.8,0.3001,0.31,0.43
2024,8,12,29,5.73,5.73,0.76,0.76,0.65
2024,8,13,29,3.96,3.9,0.3174,0.34,0.44
2024,8,1,30,3.32,3.19,0.1692,0.18,0.29
2024,8,2,30,2.57,2.36,0.1563,0.16,0.25
2024,8,3,30,1.35,1.35,0.15,0.15,0.29
2024,8,4,30,1.37,1.37,0.16,0.16,0.36
2024,8,5,30,1.87,1.87,0.16,0.16,0.37
2024,8,6,30,3.47,3.47,0.45,0.45,0.67
2024,8,7,30,6.2,6.2,0.83,0.83,0.74
2024,8,8,30,8.37,8.37,1,1,0.71
2024,8,9,30,8.68,8.68,0.53,0.53,0.51
2024,8,10,30,7.19,7.08,0.3955,0.4,0.5
2024,8,11,30,5.48,5.38,0.2093,0.21,0.4
2024,8,12,30,4.36,4.36,0.17,0.17,0.28
2024,8,13,30,3.32,3.19,0.1724,0.18,0.29
2024,8,1,31,3.2,3.12,0.1159,0.12,0.27
2024,8,2,31,2.52,2.52,0.1,0.1,0.25
2024,8,3,31,1.64,1.64,0.35,0.35,0.86
2024,8,4,31,1.62,1.62,0.52,0.52,1.06
2024,8,5,31,2,2,0.15,0.15,0.41
2024,8,6,31,3.3,3.3,0.34,0.34,0.69
2024,8,7,31,5.52,5.52,0.22,0.22,0.36
2024,8,8,31,6.75,6.75,0.7,0.7,0.63
2024,8,9,31,6.85,6.69,0.3876,0.39,0.48
2024,8,10,31,5.03,5,0.5163,0.52,0.61
2024,8,11,31,3.99,3.95,0.416,0.42,0.6
2024,8,12,31,3.68,3.68,0.15,0.15,0.28
2024,8,13,31,3.19,3.12,0.1141,0.12,0.27
2024,8,1,32,3.17,3.11,0.1981,0.2,0.42
2024,8,2,32,2.82,2.82,0.19,0.19,0.46
2024,8,3,32,2.41,2.41,0.16,0.16,0.39
2024,8,4,32,2.28,2.28,0.12,0.12,0.29
2024,8,5,32,2.41,2.41,0.1,0.1,0.28
2024,8,6,32,2.98,2.98,0.08,0.08,0.24
2024,8,7,32,4.18,4.18,0.25,0.25,0.46
2024,8,8,32,4.88,4.84,0.4853,0.49,0.62
2024,8,9,32,4.33,4.32,0.3692,0.37,0.52
2024,8,10,32,3.22,3.17,0.3199,0.32,0.45
2024,8,11,32,2.83,2.82,0.2985,0.3,0.5
2024,8,12,32,3.09,3.09,0.43,0.43,0.64
2024,8,13,32,3.11,3.11,0.2,0.2,0.42
2024,8,1,33,8.51,8.32,0.23,0.23,0.37
2024,8,2,33,6.08,6.08,0.42,0.42,0.51
2024,8,3,33,4.74,4.53,0.6268,0.63,0.62
2024,8,4,33,4.1,3.94,0.3052,0.33,0.52
2024,8,5,33,4.64,4.56,0.8101,0.83,0.85
2024,8,6,33,7.37,7.11,0.65,0.65,0.66
2024,8,7,33,11.03,10.75,0.6981,0.7,0.62
2024,8,8,33,14.16,13.99,1.906,1.95,0.86
2024,8,9,33,14.27,14.27,0.27,0.27,0.39
2024,8,10,33,13.77,13.77,0.17,0.17,0.27
2024,8,11,33,11.35,11.35,0.27,0.27,0.35
2024,8,12,33,10.47,10.47,0.23,0.23,0.32
2024,8,13,33,8.32,8.32,0.23,0.23,0.37
2024,8,1,34,6.54,6.55,1.4168,1.43,0.87
2024,8,2,34,4.39,4.39,0.51,0.51,0.56
2024,8,3,34,2.77,2.77,0.38,0.38,0.51
2024,8,4,34,2.31,2.31,0.17,0.17,0.34
2024,8,5,34,2.9,2.9,0.23,0.23,0.43
2024,8,6,34,5.47,5.47,0.74,0.74,0.72
2024,8,7,34,8.93,8.93,2.83,2.83,1.04
2024,8,8,34,11.95,11.95,0.73,0.73,0.66
2024,8,9,34,11.94,11.94,0.62,0.62,0.57
2024,8,10,34,11.64,11.64,0.17,0.17,0.27
2024,8,11,34,10.02,10.02,2.77,2.77,0.96
2024,8,12,34,8.89,8.89,0.98,0.98,0.66
2024,8,13,34,6.53,6.55,1.3938,1.43,0.87
2024,8,1,35,4.28,4.51,1.6813,1.69,1.05
2024,8,2,35,3.01,3.01,0.64,0.64,0.72
2024,8,3,35,1.61,1.61,0.31,0.31,0.55
2024,8,4,35,1.5,1.5,0.14,0.14,0.28
2024,8,5,35,2.04,2.04,0.14,0.14,0.29
2024,8,6,35,4.17,4.17,0.22,0.22,0.4
2024,8,7,35,7.19,7.19,0.46,0.46,0.52
2024,8,8,35,9.84,9.84,3.08,3.08,1.07
2024,8,9,35,10.56,10.56,1.5,1.5,0.81
2024,8,10,35,9.5,9.5,0.57,0.57,0.55
2024,8,11,35,7.8,7.8,2.25,2.25,1.01
2024,8,12,35,6.55,6.55,2.41,2.41,1.07
2024,8,13,35,4.44,4.51,1.6495,1.69,1.05
2024,8,1,36,6.05,6.16,0.22,0.22,0.35
2024,8,2,36,4.49,4.56,1.6597,1.66,1
2024,8,3,36,2.82,2.82,0.42,0.42,0.55
2024,8,4,36,2.33,2.33,0.17,0.17,0.32
2024,8,5,36,3,3,0.17,0.17,0.3
2024,8,6,36,5.33,5.33,0.37,0.37,0.55
2024,8,7,36,9.17,9.17,3.08,3.08,1.05
2024,8,8,36,12.04,12.04,0.37,0.37,0.47
2024,8,9,36,13.21,13.21,0.16,0.16,0.28
2024,8,10,36,11.64,11.64,0.16,0.16,0.27
2024,8,11,36,9.79,9.79,0.3,0.3,0.38
2024,8,12,36,8.11,8.11,0.53,0.53,0.52
2024,8,13,36,6.36,6.16,0.2184,0.22,0.35
2024,8,1,37,3.08,3.11,0.1399,0.14,0.29
2024,8,2,37,2.21,2.16,0.1595,0.16,0.33
2024,8,3,37,1.34,1.34,0.23,0.23,0.59
2024,8,4,37,1.29,1.29,0.28,0.28,0.65
2024,8,5,37,1.72,1.72,0.24,0.24,0.47
2024,8,6,37,3.16,3.16,0.31,0.31,0.52
2024,8,7,37,5.59,5.59,1.99,1.99,1.03
2024,8,8,37,6.88,6.88,0.77,0.77,0.63
2024,8,9,37,7.25,7.25,1.88,1.88,0.93
2024,8,10,37,6.07,6.07,0.8,0.8,0.74
2024,8,11,37,4.92,4.92,0.39,0.39,0.59
2024,8,12,37,4.13,4.13,0.33,0.33,0.51
2024,8,13,37,3.21,3.11,0.1378,0.14,0.29
2024,8,1,38,9.83,9.83,1.01,1.01,0.66
2024,8,2,38,10.59,10.59,0.49,0.49,0.58
2024,8,3,38,11.06,11.06,0.84,0.84,0.74
2024,8,4,38,12.1,11.58,0.1484,0.15,0.32
2024,8,5,38,12.61,11.77,0.1828,0.19,0.37
2024,8,6,38,13.38,12.15,0.1907,0.2,0.33
2024,8,7,38,14.15,13.99,0.7437,0.75,0.63
2024,8,8,38,14.08,14.08,1.88,1.88,0.85
2024,8,9,38,14.46,14.46,1.65,1.65,0.84
2024,8,10,38,13.37,13.37,1.93,1.93,0.94
2024,8,11,38,12.18,12.18,0.41,0.41,0.48
2024,8,12,38,10.21,10.21,0.5,0.5,0.51
2024,8,13,38,9.83,9.83,1.01,1.01,0.66
2024,8,1,39,11.43,11.43,2.52,2.52,0.91
2024,8,2,39,11.74,11.74,1.4,1.4,0.79
2024,8,3,39,11.92,11.89,3.1605,3.2,1.07
2024,8,4,39,11.97,11.45,0.4581,0.46,0.54
2024,8,5,39,12.37,11.3,0.1347,0.14,0.29
2024,8,6,39,14.73,13.1,0.1884,0.19,0.31
2024,8,7,39,15.45,15.07,0.3979,0.4,0.45
2024,8,8,39,15.14,14.77,0.3972,0.4,0.44
2024,8,9,39,14.34,14.34,3.07,3.07,0.99
2024,8,10,39,12.57,12.57,2.88,2.88,1
2024,8,11,39,11.39,11.39,1.82,1.82,0.84
2024,8,12,39,10.54,10.54,1.3,1.3,0.75
2024,8,13,39,11.43,11.43,2.52,2.52,0.91
2024,8,1,40,10.72,10.74,0.4152,0.42,0.46
2024,8,2,40,10.97,10.84,0.5853,0.61,0.55
2024,8,3,40,10.78,10.78,3.26,3.26,1.02
2024,8,4,40,9.85,9.78,2.8414,2.91,1.06
2024,8,5,40,10.73,10.16,0.3308,0.35,0.43
2024,8,6,40,13.8,12.32,0.1495,0.15,0.27
2024,8,7,40,14.46,13.91,0.2776,0.28,0.36
2024,8,8,40,14.81,14.69,2.5371,2.59,0.89
2024,8,9,40,13.15,13.15,0.8,0.8,0.63
2024,8,10,40,11.62,11.62,1.05,1.05,0.74
2024,8,11,40,10.97,10.97,0.66,0.66,0.61
2024,8,12,40,10.4,10.4,0.22,0.22,0.35
2024,8,13,40,10.74,10.74,0.42,0.42,0.46
2024,8,1,41,9.32,9.3,0.3652,0.38,0.46
2024,8,2,41,7.77,7.77,0.18,0.18,0.3
2024,8,3,41,7.3,6.96,0.54,0.54,0.51
2024,8,4,41,6.57,6.43,1.0042,1.01,0.8
2024,8,5,41,7.34,6.97,0.4395,0.47,0.55
2024,8,6,41,10.1,9.32,0.3186,0.32,0.48
2024,8,7,41,12.14,11.83,0.8195,0.83,0.64
2024,8,8,41,14.12,14.05,4.4896,4.51,1.03
2024,8,9,41,12.77,12.77,0.38,0.38,0.4
2024,8,10,41,11.86,11.86,0.2,0.2,0.3
2024,8,11,41,10.88,10.88,0.17,0.17,0.26
2024,8,12,41,9.75,9.75,0.2,0.2,0.3
2024,8,13,41,9.3,9.3,0.38,0.38,0.46
2024,8,1,42,9.79,10,0.1594,0.17,0.29
2024,8,2,42,7.72,7.54,0.7595,0.76,0.61
2024,8,3,42,5.63,5.63,0.28,0.28,0.34
2024,8,4,42,5.12,5.12,1.03,1.03,0.83
2024,8,5,42,5.83,5.6,0.1342,0.14,0.28
2024,8,6,42,9.31,8.82,0.14,0.14,0.29
2024,8,7,42,12.38,12.15,0.7959,0.8,0.65
2024,8,8,42,15.02,15.02,4.57,4.57,1.06
2024,8,9,42,14.63,14.63,0.44,0.44,0.43
2024,8,10,42,13.56,13.56,1.89,1.89,0.8
2024,8,11,42,12.32,12.32,0.18,0.18,0.27
2024,8,12,42,11.06,11.06,0.21,0.21,0.33
2024,8,13,42,10,10,0.17,0.17,0.29
2024,8,1,43,8.53,9,0.1452,0.15,0.28
2024,8,2,43,7.06,7.38,1.266,1.28,0.76
2024,8,3,43,5.44,5.13,0.4177,0.42,0.43
2024,8,4,43,4.72,4.55,0.2986,0.3,0.42
2024,8,5,43,5.51,5.28,0.1691,0.17,0.29
2024,8,6,43,8.2,8.2,0.45,0.45,0.53
2024,8,7,43,12.42,12.42,0.38,0.38,0.44
2024,8,8,43,15.14,15.14,0.16,0.16,0.28
2024,8,9,43,15.17,15.17,0.47,0.47,0.45
2024,8,10,43,13.55,13.55,3.92,3.92,1.05
2024,8,11,43,11.83,11.83,0.89,0.89,0.64
2024,8,12,43,11.1,11.1,0.17,0.17,0.29
2024,8,13,43,9,9,0.15,0.15,0.28
2024,8,1,44,5.5,5.77,0.1282,0.13,0.25
2024,8,2,44,4.14,4.34,0.6173,0.63,0.57
2024,8,3,44,3.04,2.91,0.5407,0.56,0.56
2024,8,4,44,2.77,2.68,0.6261,0.63,0.63
2024,8,5,44,3.44,3.21,0.1794,0.18,0.27
2024,8,6,44,5.1,5.1,0.16,0.16,0.3
2024,8,7,44,8.46,8.46,0.29,0.29,0.39
2024,8,8,44,10.82,10.82,0.4,0.4,0.5
2024,8,9,44,12.28,12.28,0.43,0.43,0.47
2024,8,10,44,11.65,11.65,0.4,0.4,0.48
2024,8,11,44,10.05,10.05,0.36,0.36,0.44
2024,8,12,44,8.19,8.19,0.17,0.17,0.29
2024,8,13,44,5.77,5.77,0.13,0.13,0.25
2024,8,1,45,3.6,3.89,0.4557,0.46,0.55
2024,8,2,45,2.71,2.86,0.3275,0.34,0.38
2024,8,3,45,1.86,1.72,0.21,0.21,0.29
2024,8,4,45,1.69,1.6,0.1687,0.17,0.26
2024,8,5,45,2.1,2.03,0.1794,0.18,0.28
2024,8,6,45,3.33,3.33,0.36,0.36,0.47
2024,8,7,45,5.75,5.75,2,2,0.97
2024,8,8,45,7.66,7.66,2.28,2.28,1.01
2024,8,9,45,9.04,9.04,2.57,2.57,1.02
2024,8,10,45,9.02,9.02,0.52,0.52,0.59
2024,8,11,45,7.51,7.51,0.3,0.3,0.47
2024,8,12,45,6.05,6.05,0.26,0.26,0.42
2024,8,13,45,3.89,3.89,0.46,0.46,0.55
2024,8,1,46,2.98,3.16,0.3062,0.31,0.52
2024,8,2,46,2.24,2.33,0.3074,0.32,0.54
2024,8,3,46,1.73,1.71,0.1188,0.12,0.31
2024,8,4,46,1.62,1.6,0.0999,0.1,0.28
2024,8,5,46,2.25,2.22,0.1098,0.11,0.3
2024,8,6,46,3.69,3.69,0.9,0.9,0.94
2024,8,7,46,5.51,5.51,0.5,0.5,0.58
2024,8,8,46,6.23,6.23,0.17,0.17,0.29
2024,8,9,46,6.91,6.91,0.39,0.39,0.51
2024,8,10,46,6.51,6.51,0.38,0.38,0.57
2024,8,11,46,5.84,5.84,0.47,0.47,0.63
2024,8,12,46,4.68,4.68,0.17,0.17,0.34
2024,8,13,46,3.16,3.16,0.31,0.31,0.52
2024,8,1,47,2.46,2.71,0.4718,0.48,0.66
2024,8,2,47,1.89,2.04,0.2738,0.29,0.42
2024,8,3,47,1.51,1.58,0.2295,0.23,0.49
2024,8,4,47,1.4,1.46,0.1377,0.14,0.37
2024,8,5,47,1.79,1.88,0.199,0.2,0.44
2024,8,6,47,2.92,2.87,0.2794,0.29,0.44
2024,8,7,47,3.95,3.95,0.2,0.2,0.3
2024,8,8,47,4.53,4.53,0.19,0.19,0.29
2024,8,9,47,5.78,5.78,0.2,0.2,0.36
2024,8,10,47,6.61,6.61,1.58,1.58,1.03
2024,8,11,47,5.98,5.98,0.32,0.32,0.51
2024,8,12,47,4.55,4.55,0.18,0.18,0.35
2024,8,13,47,2.71,2.71,0.48,0.48,0.66
2024,8,1,48,3.94,4.13,0.2683,0.27,0.43
2024,8,2,48,3.6,3.73,0.6366,0.65,0.79
2024,8,3,48,3.45,3.54,0.2084,0.22,0.42
2024,8,4,48,3.55,3.59,0.1352,0.14,0.28
2024,8,5,48,3.55,3.59,0.127,0.13,0.28
2024,8,6,48,3.68,3.74,0.2507,0.26,0.51
2024,8,7,48,3.75,3.81,0.3699,0.37,0.54
2024,8,8,48,3.41,3.36,0.4729,0.49,0.6
2024,8,9,48,3.44,3.44,0.2,0.2,0.36
2024,8,10,48,3.78,3.78,0.12,0.12,0.32
2024,8,11,48,4.71,4.71,0.68,0.68,0.74
2024,8,12,48,4.61,4.61,0.47,0.47,0.6
2024,8,13,48,4.13,4.13,0.27,0.27,0.43
2024,8,1,49,2.49,2.49,0.1777,0.18,0.43
2024,8,2,49,2,1.98,0.1641,0.17,0.45
2024,8,3,49,1.59,1.59,0.1,0.1,0.3
2024,8,4,49,1.57,1.57,0.11,0.11,0.29
2024,8,5,49,1.73,1.73,0.09,0.09,0.27
2024,8,6,49,2.28,2.28,0.1,0.1,0.29
2024,8,7,49,3.25,3.25,0.26,0.26,0.44
2024,8,8,49,3.72,3.58,0.3589,0.36,0.47
2024,8,9,49,3.48,3.34,0.2891,0.29,0.42
2024,8,10,49,2.53,2.53,0.35,0.35,0.52
2024,8,11,49,2.55,2.55,0.13,0.13,0.28
2024,8,12,49,2.69,2.69,0.29,0.29,0.5
2024,8,13,49,2.49,2.49,0.18,0.18,0.43
2024,8,1,50,11.75,11.75,2.38,2.38,0.91
2024,8,2,50,13.12,13.12,0.5,0.5,0.55
2024,8,3,50,14.76,14.76,2.41,2.41,0.94
2024,8,4,50,15.93,15.42,0.314,0.34,0.41
2024,8,5,50,16,15.16,0.1593,0.16,0.29
2024,8,6,50,16.72,15.4,0.2776,0.29,0.37
2024,8,7,50,15.78,15.78,1.1,1.1,0.69
2024,8,8,50,14.96,14.96,1.9,1.9,0.85
2024,8,9,50,14.56,14.56,0.84,0.84,0.68
2024,8,10,50,13.65,13.65,2.35,2.35,0.95
2024,8,11,50,12.71,12.71,2.06,2.06,0.9
2024,8,12,50,11.55,11.55,2.62,2.62,0.95
2024,8,13,50,11.75,11.75,2.38,2.38,0.91
2024,8,1,51,11.63,11.68,0.7071,0.75,0.58
2024,8,2,51,13.81,13.63,0.59,0.59,0.51
2024,8,3,51,14.13,14.13,0.7,0.7,0.61
2024,8,4,51,14.38,14.38,0.73,0.73,0.6
2024,8,5,51,14.98,14.63,0.2052,0.21,0.34
2024,8,6,51,16.43,15.09,0.2787,0.29,0.37
2024,8,7,51,16.28,16.28,0.73,0.73,0.56
2024,8,8,51,14.9,14.9,1.18,1.18,0.69
2024,8,9,51,13.26,13.26,0.36,0.36,0.47
2024,8,10,51,11.69,11.69,0.62,0.62,0.61
2024,8,11,51,11.1,11.1,2.68,2.68,0.97
2024,8,12,51,10.46,10.46,0.32,0.32,0.38
2024,8,13,51,11.68,11.68,0.75,0.75,0.58
2024,8,1,52,11.43,11.99,0.8494,0.86,0.59
2024,8,2,52,10.99,11.36,1.2902,1.33,0.68
2024,8,3,52,10.45,10.18,0.3786,0.4,0.4
2024,8,4,52,9.36,9.32,1.0465,1.06,0.73
2024,8,5,52,10.24,9.97,0.1864,0.19,0.31
2024,8,6,52,12.32,11.86,0.1468,0.15,0.27
2024,8,7,52,14.58,14.15,0.1564,0.16,0.28
2024,8,8,52,14.99,14.99,0.71,0.71,0.57
2024,8,9,52,13.23,13.23,0.17,0.17,0.3
2024,8,10,52,11.78,11.78,2.7,2.7,1.01
2024,8,11,52,11.6,11.6,1.74,1.74,0.86
2024,8,12,52,11.46,11.46,0.2,0.2,0.31
2024,8,13,52,11.99,11.99,0.86,0.86,0.59
2024,8,1,53,8.26,8.66,0.1568,0.16,0.29
2024,8,2,53,6.51,7.19,0.9108,0.92,0.61
2024,8,3,53,4.97,5.09,0.5821,0.59,0.49
2024,8,4,53,4.32,4.63,0.415,0.44,0.49
2024,8,5,53,5.04,5.34,0.4946,0.53,0.53
2024,8,6,53,7.56,7.56,0.46,0.46,0.5
2024,8,7,53,10.78,10.78,0.44,0.44,0.43
2024,8,8,53,13.05,13.05,0.17,0.17,0.26
2024,8,9,53,12.09,12.09,0.19,0.19,0.27
2024,8,10,53,10.82,10.82,0.5,0.5,0.46
2024,8,11,53,9.77,9.77,2.42,2.42,0.93
2024,8,12,53,9.71,9.71,0.17,0.17,0.32
2024,8,13,53,8.66,8.66,0.16,0.16,0.29
2024,8,1,54,6.09,6.36,0.1797,0.18,0.29
2024,8,2,54,3.91,4.53,0.2523,0.26,0.29
2024,8,3,54,2.71,3.19,0.4264,0.43,0.4
2024,8,4,54,2.5,3.04,0.203,0.21,0.27
2024,8,5,54,3.02,3.75,0.6091,0.66,0.59
2024,8,6,54,5.09,4.85,0.4597,0.46,0.47
2024,8,7,54,7.02,7.02,0.21,0.21,0.29
2024,8,8,54,8.71,8.71,0.33,0.33,0.36
2024,8,9,54,8.74,8.74,0.27,0.27,0.34
2024,8,10,54,8.3,8.3,3.8,3.8,1.07
2024,8,11,54,7.61,7.61,3.8,3.8,1.06
2024,8,12,54,7.53,7.53,0.19,0.19,0.28
2024,8,13,54,6.36,6.36,0.18,0.18,0.29
2024,8,1,55,4.04,4.38,0.1631,0.17,0.27
2024,8,2,55,2.5,2.96,0.2267,0.23,0.29
2024,8,3,55,1.6,1.9,0.233,0.24,0.27
2024,8,4,55,1.44,1.83,0.2606,0.28,0.37
2024,8,5,55,1.69,2.19,0.3701,0.39,0.43
2024,8,6,55,3.06,2.81,0.33,0.33,0.36
2024,8,7,55,4.63,4.63,0.37,0.37,0.38
2024,8,8,55,6.29,6.29,1.1,1.1,0.67
2024,8,9,55,7.28,7.28,1.15,1.15,0.73
2024,8,10,55,7.76,7.76,8.85,8.85,1.5
2024,8,11,55,6.94,6.94,1.74,1.74,0.88
2024,8,12,55,6.28,6.28,0.21,0.21,0.32
2024,8,13,55,4.38,4.38,0.17,0.17,0.27
2024,8,1,56,11.5,10.94,0.6059,0.63,0.49
2024,8,2,56,11.3,11.3,0.23,0.23,0.29
2024,8,3,56,12.52,12.99,0.4178,0.42,0.45
2024,8,4,56,12.83,13.53,0.7063,0.72,0.59
2024,8,5,56,13.73,14.06,0.3924,0.41,0.5
2024,8,6,56,13.37,13.14,0.4226,0.43,0.46
2024,8,7,56,12.08,12.08,1.18,1.18,0.69
2024,8,8,56,12.04,12.04,0.77,0.77,0.6
2024,8,9,56,12.35,12.35,0.22,0.22,0.31
2024,8,10,56,13.44,13.44,0.17,0.17,0.28
2024,8,11,56,12.93,12.93,0.38,0.38,0.47
2024,8,12,56,11.75,11.75,0.2,0.2,0.32
2024,8,13,56,10.94,10.94,0.63,0.63,0.49
2024,8,1,57,10.99,10.99,0.49,0.49,0.48
2024,8,2,57,13.13,13.13,0.24,0.24,0.34
2024,8,3,57,14.02,15.16,4.6273,4.64,1.07
2024,8,4,57,15.66,16.57,0.6951,0.72,0.59
2024,8,5,57,15.51,15.94,0.4648,0.48,0.54
2024,8,6,57,15.77,15.77,0.84,0.84,0.62
2024,8,7,57,14.58,14.58,0.34,0.34,0.41
2024,8,8,57,13.56,13.56,0.58,0.58,0.51
2024,8,9,57,13.61,13.61,0.28,0.28,0.36
2024,8,10,57,13.59,13.59,0.28,0.28,0.4
2024,8,11,57,12.67,12.67,1.27,1.27,0.76
2024,8,12,57,10.9,10.9,0.3,0.3,0.4
2024,8,13,57,10.99,10.99,0.49,0.49,0.48
2024,8,1,58,11.98,11.98,0.96,0.96,0.64
2024,8,2,58,13.08,13.35,0.48,0.48,0.49
2024,8,3,58,14.01,15.53,1.6738,1.69,0.82
2024,8,4,58,15.23,16.47,1.0489,1.05,0.68
2024,8,5,58,16.17,16.95,4.3769,4.4,1.06
2024,8,6,58,16.08,16.08,0.51,0.51,0.5
2024,8,7,58,15.34,15.34,0.15,0.15,0.27
2024,8,8,58,13.78,13.78,0.19,0.19,0.29
2024,8,9,58,14.46,14.46,0.15,0.15,0.29
2024,8,10,58,14.29,14.29,0.2,0.2,0.34
2024,8,11,58,13.31,13.31,0.96,0.96,0.66
2024,8,12,58,11.89,11.89,0.18,0.18,0.29
2024,8,13,58,11.98,11.98,0.96,0.96,0.64
2024,8,1,59,12.55,12.45,0.5601,0.58,0.46
2024,8,2,59,13.66,14.31,0.767,0.78,0.52
2024,8,3,59,13.81,14.74,1.4027,1.41,0.72
2024,8,4,59,14.08,14.96,3.3228,3.34,0.97
2024,8,5,59,14.28,14.63,0.7211,0.74,0.58
2024,8,6,59,16.43,15.83,0.2113,0.22,0.32
2024,8,7,59,15.47,15.47,0.34,0.34,0.39
2024,8,8,59,14.84,14.84,1.43,1.43,0.69
2024,8,9,59,13.34,13.34,0.18,0.18,0.29
2024,8,10,59,11.7,11.7,0.33,0.33,0.43
2024,8,11,59,10.49,10.49,0.36,0.36,0.4
2024,8,12,59,11.71,11.71,0.19,0.19,0.25
2024,8,13,59,12.45,12.45,0.58,0.58,0.46
2024,8,1,60,12.3,12.12,0.7892,0.79,0.51
2024,8,2,60,11.14,12.93,1.6572,1.68,0.68
2024,8,3,60,10.76,12.5,1.0464,1.05,0.63
2024,8,4,60,10.82,12.6,3.3781,3.67,1.01
2024,8,5,60,11.08,12.44,3.4707,3.58,1.01
2024,8,6,60,11.83,11.83,0.54,0.54,0.5
2024,8,7,60,12.55,12.55,0.36,0.36,0.37
2024,8,8,60,13.12,13.12,1.69,1.69,0.7
2024,8,9,60,12.3,12.3,1.28,1.28,0.69
2024,8,10,60,10.36,10.36,0.19,0.19,0.29
2024,8,11,60,9.99,9.99,0.66,0.66,0.5
2024,8,12,60,11.52,11.52,0.31,0.31,0.33
2024,8,13,60,12.12,12.12,0.79,0.79,0.51
2024,8,1,61,9.56,9.56,0.5477,0.55,0.44
2024,8,2,61,7.26,8.75,0.4752,0.5,0.38
2024,8,3,61,5.72,6.94,0.3753,0.38,0.4
2024,8,4,61,5.83,7.14,0.1961,0.2,0.27
2024,8,5,61,6.46,7.93,1.1405,1.15,0.7
2024,8,6,61,8.69,8.69,0.35,0.35,0.42
2024,8,7,61,10.47,10.47,0.2,0.2,0.28
2024,8,8,61,11.3,11.3,0.25,0.25,0.29
2024,8,9,61,9.65,9.65,0.22,0.22,0.29
2024,8,10,61,7.96,7.96,0.32,0.32,0.38
2024,8,11,61,7.62,7.62,1.33,1.33,0.71
2024,8,12,61,9.38,9.38,0.18,0.18,0.27
2024,8,13,61,9.56,9.56,0.55,0.55,0.44
2024,8,1,62,9.76,9.76,0.4,0.4,0.35
2024,8,2,62,6.06,8,0.5072,0.53,0.39
2024,8,3,62,5.49,6.95,0.28,0.28,0.32
2024,8,4,62,4.54,5.87,0.1659,0.17,0.21
2024,8,5,62,5.05,6.54,0.3301,0.34,0.35
2024,8,6,62,6.95,6.95,0.54,0.54,0.46
2024,8,7,62,8.48,8.48,0.32,0.32,0.31
2024,8,8,62,9.68,9.68,0.92,0.92,0.53
2024,8,9,62,9.61,9.61,0.67,0.67,0.49
2024,8,10,62,8.49,8.49,0.23,0.23,0.28
2024,8,11,62,9.07,9.07,2.29,2.29,0.79
2024,8,12,62,9.83,9.83,0.26,0.26,0.29
2024,8,13,62,9.76,9.76,0.4,0.4,0.35
2024,8,1,63,7.38,7.38,0.22,0.22,0.28
2024,8,2,63,3.64,4.58,0.3939,0.4,0.39
2024,8,3,63,2.81,3.43,0.23,0.23,0.29
2024,8,4,63,2.21,2.86,0.1847,0.19,0.22
2024,8,5,63,2.64,3.56,0.5872,0.59,0.51
2024,8,6,63,4.18,3.9,0.4165,0.42,0.39
2024,8,7,63,5.62,5.62,0.28,0.28,0.29
2024,8,8,63,6.61,6.61,0.91,0.91,0.56
2024,8,9,63,7.23,7.23,0.25,0.25,0.28
2024,8,10,63,6.23,6.23,0.23,0.23,0.29
2024,8,11,63,7.46,7.46,0.49,0.49,0.41
2024,8,12,63,7.97,7.97,0.16,0.16,0.25
2024,8,13,63,7.38,7.38,0.22,0.22,0.28
2024,8,1,64,6.9,6.75,0.2553,0.26,0.29
2024,8,2,64,3.75,4.89,0.2972,0.3,0.28
2024,8,3,64,2.78,3.69,0.25,0.26,0.29
2024,8,4,64,2.48,3.24,0.1778,0.18,0.21
2024,8,5,64,2.98,3.97,0.4182,0.42,0.41
2024,8,6,64,4.89,4.61,0.4373,0.44,0.43
2024,8,7,64,6.49,6.49,0.22,0.22,0.29
2024,8,8,64,7.45,7.45,0.28,0.28,0.33
2024,8,9,64,7.35,7.35,0.28,0.28,0.35
2024,8,10,64,6.46,6.46,0.39,0.39,0.43
2024,8,11,64,6.79,6.79,1.06,1.06,0.66
2024,8,12,64,7.14,7.14,0.2,0.2,0.27
2024,8,13,64,6.75,6.75,0.26,0.26,0.29
2024,8,1,65,2.78,3.17,0.1641,0.17,0.26
2024,8,2,65,1.51,1.92,0.2311,0.24,0.28
2024,8,3,65,1.11,1.41,0.235,0.24,0.28
2024,8,4,65,1.03,1.29,0.1741,0.18,0.23
2024,8,5,65,0.94,1.19,0.2206,0.23,0.28
2024,8,6,65,1.12,1.16,0.2145,0.22,0.27
2024,8,7,65,1.99,1.68,0.2363,0.24,0.27
2024,8,8,65,2.99,2.86,0.5252,0.54,0.57
2024,8,9,65,4.53,4.53,1.06,1.06,0.85
2024,8,10,65,5.32,5.32,1.31,1.31,0.89
2024,8,11,65,5.31,5.31,0.36,0.36,0.43
2024,8,12,65,4.36,4.36,0.17,0.17,0.28
2024,8,13,65,3.17,3.17,0.17,0.17,0.26
2024,8,1,66,11.66,10.48,0.3066,0.32,0.39
2024,8,2,66,8.75,8.75,0.37,0.37,0.38
2024,8,3,66,9.06,10,0.4953,0.52,0.49
2024,8,4,66,9.18,11.24,2.0514,2.08,0.85
2024,8,5,66,10.44,12.09,0.1571,0.16,0.29
2024,8,6,66,10.36,10.89,0.6367,0.64,0.54
2024,8,7,66,10.78,10.42,0.3444,0.36,0.37
2024,8,8,66,12.53,12.53,1.93,1.93,0.82
2024,8,9,66,14.97,14.97,0.77,0.77,0.61
2024,8,10,66,18.26,18.26,0.53,0.53,0.54
2024,8,11,66,17.61,17.61,0.24,0.24,0.4
2024,8,12,66,14.19,14.19,0.2,0.2,0.38
2024,8,13,66,10.48,10.48,0.32,0.32,0.39
2024,8,1,67,13.6,12.14,0.8951,0.93,0.63
2024,8,2,67,7.61,7.61,0.19,0.19,0.27
2024,8,3,67,6.19,6.68,0.2161,0.22,0.27
2024,8,4,67,5.6,7.11,0.1657,0.17,0.23
2024,8,5,67,5.85,7.5,0.2526,0.26,0.3
2024,8,6,67,7.31,7.84,0.1937,0.2,0.28
2024,8,7,67,9.07,8.94,0.5226,0.53,0.47
2024,8,8,67,14.28,14.28,1.36,1.36,0.7
2024,8,9,67,18.8,18.8,0.64,0.64,0.56
2024,8,10,67,24.3,24.3,1.01,1.01,0.67
2024,8,11,67,22.13,22.13,0.12,0.12,0.28
2024,8,12,67,19.03,19.03,0.14,0.14,0.29
2024,8,13,67,12.14,12.14,0.93,0.93,0.63
2024,8,1,68,15.57,13.95,0.2123,0.22,0.34
2024,8,2,68,8.5,8.5,0.2,0.2,0.29
2024,8,3,68,5.51,5.74,0.2689,0.28,0.29
2024,8,4,68,4.42,5.67,0.2042,0.21,0.26
2024,8,5,68,4.84,6.1,0.1797,0.19,0.26
2024,8,6,68,6.44,6.84,0.2222,0.23,0.32
2024,8,7,68,9.52,9.55,0.5965,0.62,0.55
2024,8,8,68,16.44,16.44,0.94,0.94,0.64
2024,8,9,68,21.19,21.19,1.13,1.13,0.71
2024,8,10,68,24.71,24.71,0.44,0.44,0.52
2024,8,11,68,23.15,23.15,0.18,0.18,0.38
2024,8,12,68,20.83,20.83,0.12,0.12,0.28
2024,8,13,68,13.95,13.95,0.22,0.22,0.34
2024,8,1,69,13.42,12.91,0.9414,0.97,0.6
2024,8,2,69,12.94,12.55,0.3386,0.34,0.37
2024,8,3,69,11.71,13.68,0.6503,0.68,0.53
2024,8,4,69,12.79,15.25,1.72,1.75,0.77
2024,8,5,69,13.15,15.13,0.4757,0.49,0.5
2024,8,6,69,14.44,14.45,0.3308,0.34,0.4
2024,8,7,69,13.48,13.48,0.25,0.25,0.31
2024,8,8,69,14.65,14.65,1.94,1.94,0.76
2024,8,9,69,16.99,16.99,0.27,0.27,0.34
2024,8,10,69,18.57,18.57,0.25,0.25,0.34
2024,8,11,69,18.61,18.61,0.27,0.27,0.37
2024,8,12,69,15.47,15.47,0.41,0.41,0.45
2024,8,13,69,12.91,12.91,0.97,0.97,0.6
2024,8,1,70,12.79,12.79,0.28,0.28,0.35
2024,8,2,70,12.15,12.97,0.2745,0.29,0.34
2024,8,3,70,12.32,14.49,0.7469,0.76,0.57
2024,8,4,70,13,15.39,0.4288,0.43,0.43
2024,8,5,70,12.78,14.76,0.4662,0.47,0.46
2024,8,6,70,13.97,13.65,0.2978,0.3,0.38
2024,8,7,70,14.66,14.66,0.18,0.18,0.26
2024,8,8,70,16.19,16.19,0.36,0.36,0.35
2024,8,9,70,18.04,18.04,0.41,0.41,0.42
2024,8,10,70,17.97,17.97,0.24,0.24,0.34
2024,8,11,70,17.15,17.15,1.35,1.35,0.72
2024,8,12,70,14.69,14.69,0.16,0.16,0.29
2024,8,13,70,12.79,12.79,0.28,0.28,0.35
2024,8,1,71,14.6,14.27,1.3158,1.33,0.64
2024,8,2,71,11.43,13.29,0.2971,0.3,0.34
2024,8,3,71,11.56,13.67,4.1309,4.35,1.07
2024,8,4,71,10.56,12.9,1.2444,1.26,0.68
2024,8,5,71,10.12,12.18,1.0118,1.05,0.63
2024,8,6,71,11.22,11.22,0.38,0.38,0.4
2024,8,7,71,12.52,12.52,1.42,1.42,0.64
2024,8,8,71,13.86,13.86,0.57,0.57,0.44
2024,8,9,71,15.42,15.42,0.5,0.5,0.46
2024,8,10,71,15.92,15.92,0.15,0.15,0.23
2024,8,11,71,14.93,14.93,0.22,0.22,0.29
2024,8,12,71,14.69,14.69,0.47,0.47,0.4
2024,8,13,71,14.27,14.27,1.33,1.33,0.64
2024,8,1,72,4.74,4.56,0.2637,0.27,0.45
2024,8,2,72,7.35,6.54,0.2358,0.24,0.39
2024,8,3,72,7.87,7.07,0.2458,0.25,0.41
2024,8,4,72,7.62,6.45,0.8679,0.89,0.77
2024,8,5,72,6.05,5.58,0.6571,0.66,0.7
2024,8,6,72,5.03,4.84,0.1356,0.14,0.29
2024,8,7,72,5.1,5.1,1.12,1.12,0.92
2024,8,8,72,4.85,4.92,0.5784,0.58,0.7
2024,8,9,72,3.97,4.16,0.3636,0.37,0.51
2024,8,10,72,2.73,2.88,0.4536,0.46,0.56
2024,8,11,72,1.83,1.93,0.3794,0.38,0.51
2024,8,12,72,2.85,2.81,0.3701,0.38,0.52
2024,8,13,72,4.56,4.56,0.27,0.27,0.45
2024,8,1,73,4.17,4.17,1.16,1.16,1.04
2024,8,2,73,5.77,5.46,0.229,0.23,0.42
2024,8,3,73,6.42,6.1,0.1278,0.13,0.3
2024,8,4,73,6.05,5.61,1.5851,1.63,1.04
2024,8,5,73,5.44,5.25,1.5799,1.58,1.06
2024,8,6,73,5.09,5,0.5454,0.55,0.67
2024,8,7,73,5.57,5.57,1.52,1.52,1.03
2024,8,8,73,5.21,5.34,0.7269,0.73,0.76
2024,8,9,73,3.98,4.08,0.2373,0.24,0.43
2024,8,10,73,2.52,2.61,0.3466,0.35,0.54
2024,8,11,73,1.71,1.79,0.4128,0.42,0.59
2024,8,12,73,2.71,2.73,0.8057,0.83,1.03
2024,8,13,73,4.17,4.17,1.16,1.16,1.04
2024,8,1,74,4.73,4.62,1.2917,1.31,0.95
2024,8,2,74,7.47,6.8,1.0096,1.01,0.75
2024,8,3,74,8.44,7.71,0.8099,0.81,0.68
2024,8,4,74,8.2,7.09,1.9645,2.05,1.03
2024,8,5,74,6.2,5.92,1.2721,1.29,0.93
2024,8,6,74,4.7,4.56,0.2636,0.27,0.47
2024,8,7,74,3.92,3.92,0.33,0.33,0.54
2024,8,8,74,3.13,3.1,0.6776,0.68,0.84
2024,8,9,74,2.19,2.27,0.4291,0.44,0.67
2024,8,10,74,1.36,1.43,0.4958,0.5,0.76
2024,8,11,74,1.1,1.08,0.2184,0.22,0.38
2024,8,12,74,2.42,2.43,0.8984,0.93,0.95
2024,8,13,74,4.62,4.62,1.31,1.31,0.95
2024,8,1,75,22.45,21.523,6.93933,7.56,1.5
2024,8,2,75,31.07,28.7,9.2964,9.3,1.05
2024,8,3,75,34.24,31.79,8.17,8.17,1.02
2024,8,4,75,31.64,27.28,4.5736,4.77,0.92
2024,8,5,75,25.48,24.89,7.4472,7.51,1.06
2024,8,6,75,19.46,18.8,0.3482,0.35,0.41
2024,8,7,75,16.96,16.96,0.29,0.29,0.37
2024,8,8,75,11.93,11.93,0.29,0.29,0.39
2024,8,9,75,7.41,7.46,0.66,0.66,0.6
2024,8,10,75,5.14,5.18,0.4879,0.49,0.55
2024,8,11,75,5.31,5.31,0.23,0.23,0.3
2024,8,12,75,11.6,11.6,5.11,5.11,1.07
2024,8,13,75,21.52,21.523,7.56003,7.56,1.5
2024,8,1,76,24.63,22.94,7.0161,7.39,1.04
2024,8,2,76,34.47,31.731,0.54721,0.78,1.06
2024,8,3,76,38.56,36.277,0.46807,1.09,1.5
2024,8,4,76,36.84,31.28,2.3407,2.37,0.74
2024,8,5,76,28.57,27.84,3.2949,3.3,0.84
2024,8,6,76,22.76,21.91,0.9885,0.99,0.59
2024,8,7,76,17.29,17.29,0.28,0.28,0.36
2024,8,8,76,11.9,11.9,0.93,0.93,0.64
2024,8,9,76,6.96,7.07,1.4605,1.47,0.82
2024,8,10,76,5.26,5.2,0.4,0.4,0.45
2024,8,11,76,5.54,5.54,0.25,0.25,0.31
2024,8,12,76,12.82,12.82,1.96,1.96,0.76
2024,8,13,76,22.94,22.94,7.39,7.39,1.04
2024,8,1,77,3.14,3.14,0.18,0.18,0.36
2024,8,2,77,3.43,3.43,0.27,0.27,0.43
2024,8,3,77,3.67,3.67,0.25,0.25,0.39
2024,8,4,77,3.62,3.62,0.31,0.31,0.47
2024,8,5,77,3.45,3.45,0.83,0.83,0.86
2024,8,6,77,3.39,3.39,0.29,0.29,0.53
2024,8,7,77,4.23,4.23,0.88,0.88,0.82
2024,8,8,77,4.09,4.13,0.4068,0.41,0.53
2024,8,9,77,3.35,3.37,0.4134,0.42,0.52
2024,8,10,77,2.41,2.26,0.2295,0.23,0.34
2024,8,11,77,2.28,2.16,0.1898,0.19,0.32
2024,8,12,77,2.78,2.78,0.29,0.29,0.46
2024,8,13,77,3.14,3.14,0.18,0.18,0.36
2024,8,1,78,5.43,5.43,4.37,4.37,1.5
2024,8,2,78,7.33,7.08,0.5797,0.58,0.61
2024,8,3,78,8.34,7.91,0.2048,0.21,0.34
2024,8,4,78,8.06,7.56,0.9614,1.02,0.74
2024,8,5,78,7.25,6.9,1.4693,1.48,0.89
2024,8,6,78,6.24,6.07,0.2268,0.23,0.39
2024,8,7,78,6.23,6.23,1.6,1.6,1.01
2024,8,8,78,5.73,5.92,0.2962,0.3,0.49
2024,8,9,78,4.54,4.68,0.1784,0.18,0.34
2024,8,10,78,3.06,3.16,0.27,0.27,0.43
2024,8,11,78,2.18,2.26,0.2578,0.26,0.43
2024,8,12,78,3.51,3.51,0.7036,0.72,0.85
2024,8,13,78,5.43,5.43,4.37,4.37,1.5
2024,8,1,79,2.36,2.36,0.81,0.81,1.07
2024,8,2,79,3.24,3.24,0.22,0.22,0.4
2024,8,3,79,3.83,3.83,0.31,0.31,0.47
2024,8,4,79,3.76,3.76,1.34,1.34,0.99
2024,8,5,79,3.32,3.32,0.76,0.76,0.78
2024,8,6,79,2.96,2.96,0.24,0.24,0.41
2024,8,7,79,3.49,3.49,0.31,0.31,0.42
2024,8,8,79,3.18,3.17,0.167,0.17,0.31
2024,8,9,79,2.5,2.41,0.1794,0.18,0.28
2024,8,10,79,1.35,1.3,0.19,0.19,0.33
2024,8,11,79,0.96,0.87,0.1998,0.2,0.29
2024,8,12,79,1.46,1.46,0.37,0.37,0.63
2024,8,13,79,2.36,2.36,0.81,0.81,1.07
2024,8,1,80,2.56,2.56,0.4,0.4,0.63
2024,8,2,80,3.93,3.69,0.22,0.22,0.35
2024,8,3,80,4.13,4.13,0.33,0.33,0.46
2024,8,4,80,4.06,4.06,0.72,0.72,0.69
2024,8,5,80,3.47,3.47,0.75,0.75,0.73
2024,8,6,80,3.12,3.12,0.25,0.25,0.43
2024,8,7,80,3.39,3.39,0.21,0.21,0.39
2024,8,8,80,3.37,3.27,0.1988,0.2,0.37
2024,8,9,80,2.66,2.54,0.1586,0.16,0.29
2024,8,10,80,1.59,1.52,0.1499,0.15,0.29
2024,8,11,80,1.18,1.07,0.1794,0.18,0.29
2024,8,12,80,1.67,1.67,0.38,0.38,0.6
2024,8,13,80,2.56,2.56,0.4,0.4,0.63
2024,8,1,81,12.34,11.68,0.8453,0.86,0.6
2024,8,2,81,19.05,17.87,1.89,1.89,0.72
2024,8,3,81,21.95,20.64,1.5337,1.61,0.67
2024,8,4,81,21.42,19.44,3.0247,3.25,0.84
2024,8,5,81,16.97,16.66,2.9447,2.96,0.87
2024,8,6,81,14.44,13.99,0.3797,0.38,0.43
2024,8,7,81,11.62,11.62,0.57,0.57,0.54
2024,8,8,81,8.19,8.19,0.18,0.18,0.32
2024,8,9,81,4.81,4.63,0.2798,0.28,0.38
2024,8,10,81,2.5,2.41,0.1575,0.16,0.29
2024,8,11,81,2.16,2.16,0.2,0.2,0.28
2024,8,12,81,5.48,5.48,0.83,0.83,0.62
2024,8,13,81,11.68,11.68,0.86,0.86,0.6
2024,8,1,82,20.28,18.69,1.7555,1.79,0.69
2024,8,2,82,31.45,29.1,5.3491,5.35,0.88
2024,8,3,82,38.75,36.221,3.19471,3.53,1.06
2024,8,4,82,36.73,32.621,2.20001,2.2,1.07
2024,8,5,82,29.47,28.73,2.4233,2.47,0.75
2024,8,6,82,24.64,23.71,0.4905,0.52,0.46
2024,8,7,82,17.93,17.93,0.42,0.42,0.43
2024,8,8,82,11.89,11.89,0.17,0.17,0.29
2024,8,9,82,6.14,6.04,0.8754,0.88,0.64
2024,8,10,82,3.56,3.41,0.1772,0.18,0.28
2024,8,11,82,3.12,3.12,0.21,0.21,0.27
2024,8,12,82,8.22,8.22,0.57,0.57,0.45
2024,8,13,82,18.69,18.69,1.79,1.79,0.69
2024,8,1,83,4.33,4.36,0.1931,0.2,0.34
2024,8,2,83,4.8,4.68,0.2163,0.22,0.34
2024,8,3,83,5.18,5.09,0.3451,0.35,0.45
2024,8,4,83,5.19,5.14,0.5057,0.51,0.54
2024,8,5,83,5.2,5.08,0.2099,0.21,0.33
2024,8,6,83,5.25,5.2,0.1311,0.14,0.3
2024,8,7,83,5.66,5.51,0.1681,0.17,0.29
2024,8,8,83,5.08,4.93,0.22,0.22,0.31
2024,8,9,83,3.79,3.64,0.339,0.34,0.42
2024,8,10,83,2.6,2.6,0.18,0.18,0.29
2024,8,11,83,2.91,2.91,0.15,0.15,0.26
2024,8,12,83,3.81,3.81,0.29,0.29,0.41
2024,8,13,83,4.36,4.36,0.2,0.2,0.34
2024,8,1,84,2.57,2.71,0.3271,0.34,0.44
2024,8,2,84,2.39,2.34,0.2199,0.22,0.3
2024,8,3,84,2.1,2.1,0.1781,0.18,0.29
2024,8,4,84,2.18,2.22,0.166,0.18,0.27
2024,8,5,84,2.17,2.16,0.2048,0.21,0.29
2024,8,6,84,2.09,2.16,0.2988,0.3,0.49
2024,8,7,84,2.11,2.16,0.189,0.19,0.32
2024,8,8,84,1.75,1.7,0.2795,0.28,0.39
2024,8,9,84,1.95,1.82,0.1671,0.17,0.29
2024,8,10,84,2.17,2.17,0.27,0.27,0.48
2024,8,11,84,2.97,2.97,0.44,0.44,0.58
2024,8,12,84,3.18,3.18,0.56,0.56,0.62
2024,8,13,84,2.71,2.71,0.34,0.34,0.44
2024,8,1,85,1.81,1.81,0.1538,0.17,0.28
2024,8,2,85,1.85,1.85,0.3715,0.41,0.58
2024,8,3,85,1.76,1.74,0.1953,0.2,0.39
2024,8,4,85,1.84,1.82,0.136,0.14,0.29
2024,8,5,85,1.98,1.96,0.1723,0.18,0.32
2024,8,6,85,2.27,2.28,0.2236,0.23,0.45
2024,8,7,85,2.7,2.67,0.1921,0.2,0.32
2024,8,8,85,2.49,2.39,0.23,0.23,0.31
2024,8,9,85,2.23,2.06,0.22,0.22,0.32
2024,8,10,85,1.57,1.57,0.12,0.12,0.25
2024,8,11,85,1.64,1.64,0.14,0.14,0.23
2024,8,12,85,1.89,1.89,0.19,0.19,0.26
2024,8,13,85,1.81,1.81,0.17,0.17,0.28
2024,8,1,86,2.41,2.28,0.1494,0.15,0.28
2024,8,2,86,2.67,2.67,0.16,0.16,0.29
2024,8,3,86,3.11,3.07,0.4363,0.47,0.6
2024,8,4,86,3.13,3.06,0.41,0.41,0.57
2024,8,5,86,3.07,3,0.36,0.36,0.55
2024,8,6,86,3.18,3.13,0.2357,0.25,0.47
2024,8,7,86,3.67,3.56,0.2172,0.23,0.37
2024,8,8,86,3.33,3.26,0.2,0.2,0.32
2024,8,9,86,2.71,2.55,0.1588,0.16,0.28
2024,8,10,86,1.67,1.67,0.17,0.17,0.29
2024,8,11,86,1.57,1.57,0.15,0.15,0.27
2024,8,12,86,1.9,1.9,0.15,0.15,0.27
2024,8,13,86,2.28,2.28,0.15,0.15,0.28
2024,8,1,87,1.77,1.77,0.15,0.15,0.26
2024,8,2,87,2.99,2.99,0.23,0.23,0.32
2024,8,3,87,3.88,3.88,0.34,0.34,0.4
2024,8,4,87,4.45,4.14,0.2183,0.23,0.29
2024,8,5,87,3.98,3.7,0.2378,0.25,0.31
2024,8,6,87,3.19,3.19,0.2,0.2,0.29
2024,8,7,87,2.72,2.72,0.18,0.18,0.27
2024,8,8,87,2.26,2.16,0.1564,0.16,0.28
2024,8,9,87,1.52,1.52,0.17,0.17,0.27
2024,8,10,87,0.92,0.92,0.3,0.3,0.47
2024,8,11,87,0.66,0.66,0.16,0.16,0.25
2024,8,12,87,1.07,1.07,0.21,0.21,0.29
2024,8,13,87,1.77,1.77,0.15,0.15,0.26
2024,8,1,88,5.57,5.57,0.24,0.24,0.27
2024,8,2,88,11.25,11.25,0.5,0.5,0.39
2024,8,3,88,16.6,16.6,1.36,1.36,0.57
2024,8,4,88,18.7,18.7,1.97,1.97,0.65
2024,8,5,88,17.77,17.77,0.52,0.52,0.37
2024,8,6,88,13.7,13.7,0.91,0.91,0.52
2024,8,7,88,9.51,9.51,0.44,0.44,0.35
2024,8,8,88,5.04,5.04,0.39,0.39,0.4
2024,8,9,88,2.36,2.36,0.22,0.22,0.26
2024,8,10,88,0.8,0.8,0.24,0.24,0.32
2024,8,11,88,0.46,0.46,0.23,0.23,0.27
2024,8,12,88,1.77,1.77,0.34,0.34,0.29
2024,8,13,88,5.57,5.57,0.24,0.24,0.27
2024,8,1,89,6.39,6.39,0.21,0.21,0.27
2024,8,2,89,14.2,14.2,1.07,1.07,0.54
2024,8,3,89,19.65,19.65,2.92,2.92,0.74
2024,8,4,89,21.25,21.25,6.49,6.49,0.94
2024,8,5,89,18.76,18.76,0.28,0.28,0.29
2024,8,6,89,13.48,13.48,0.54,0.54,0.43
2024,8,7,89,9.02,9.02,0.48,0.48,0.4
2024,8,8,89,4.87,4.87,0.27,0.27,0.32
2024,8,9,89,2.14,2.14,0.18,0.18,0.25
2024,8,10,89,0.81,0.81,0.16,0.16,0.25
2024,8,11,89,0.56,0.56,0.19,0.19,0.26
2024,8,12,89,2.32,2.32,0.45,0.45,0.4
2024,8,13,89,6.39,6.39,0.21,0.21,0.27
2024,8,1,90,1.75,1.69,0.3177,0.32,0.44
2024,8,2,90,1.95,1.67,0.1775,0.18,0.22
2024,8,3,90,1.96,1.9,0.1636,0.18,0.27
2024,8,4,90,2.37,2.35,0.18,0.18,0.28
2024,8,5,90,2.45,2.47,0.2553,0.26,0.38
2024,8,6,90,2.35,2.28,0.1668,0.17,0.29
2024,8,7,90,2.05,1.99,0.2469,0.26,0.38
2024,8,8,90,1.58,1.48,0.1798,0.18,0.29
2024,8,9,90,1.57,1.57,0.19,0.19,0.33
2024,8,10,90,1.57,1.57,0.12,0.12,0.25
2024,8,11,90,1.77,1.77,0.2,0.2,0.29
2024,8,12,90,1.85,1.85,0.36,0.36,0.45
2024,8,13,90,1.69,1.69,0.32,0.32,0.44
2024,8,1,91,2.7,2.49,0.2109,0.23,0.27
2024,8,2,91,5.77,5.52,0.3213,0.35,0.36
2024,8,3,91,8.61,8.29,0.6398,0.64,0.48
2024,8,4,91,10.08,9.82,0.56,0.56,0.42
2024,8,5,91,9.97,9.78,0.695,0.7,0.47
2024,8,6,91,7.92,7.59,0.5082,0.52,0.44
2024,8,7,91,5.62,4.95,0.3098,0.31,0.29
2024,8,8,91,2.47,2.47,0.25,0.25,0.29
2024,8,9,91,1,1,0.19,0.19,0.23
2024,8,10,91,0.25,0.25,0.21,0.21,0.27
2024,8,11,91,0.33,0.33,0.2,0.2,0.21
2024,8,12,91,0.93,0.93,0.26,0.26,0.27
2024,8,13,91,2.49,2.49,0.23,0.23,0.27
2024,8,1,92,3.15,2.84,0.2238,0.23,0.28
2024,8,2,92,7.25,7.04,1.5476,1.55,0.74
2024,8,3,92,10.61,10.44,1.88,1.88,0.75
2024,8,4,92,12.21,11.88,0.6496,0.65,0.47
2024,8,5,92,11.51,11.12,0.9,0.9,0.52
2024,8,6,92,8.54,8.54,0.66,0.66,0.48
2024,8,7,92,4.74,4.74,0.32,0.32,0.29
2024,8,8,92,1.99,1.99,0.26,0.26,0.29
2024,8,9,92,0.62,0.62,0.23,0.23,0.24
2024,8,10,92,0.15,0.15,0.15,0.15,0.18
2024,8,11,92,0.09,0.09,0.11,0.11,0.13
2024,8,12,92,0.72,0.72,0.3,0.3,0.29
2024,8,13,92,2.84,2.84,0.23,0.23,0.28
2024,8,1,93,1.76,1.6,0.241,0.25,0.28
2024,8,2,93,4.05,3.59,0.2895,0.29,0.28
2024,8,3,93,6.62,5.98,0.3391,0.34,0.29
2024,8,4,93,8.61,8.23,0.3075,0.31,0.26
2024,8,5,93,8.62,8.32,0.3427,0.35,0.28
2024,8,6,93,6.43,6.11,0.3479,0.35,0.29
2024,8,7,93,3.31,3,0.32,0.32,0.28
2024,8,8,93,1.12,1.12,0.26,0.26,0.27
2024,8,9,93,0.35,0.35,0.2,0.2,0.19
2024,8,10,93,0.22,0.22,0.13,0.13,0.18
2024,8,11,93,0.38,0.38,0.15,0.15,0.19
2024,8,12,93,0.7,0.7,0.19,0.19,0.2
2024,8,13,93,1.6,1.6,0.25,0.25,0.28
2024,8,1,94,0.89,0.89,0.146,0.16,0.25
2024,8,2,94,1.55,1.38,0.2306,0.24,0.27
2024,8,3,94,2.33,2.09,0.2584,0.26,0.27
2024,8,4,94,3.08,2.94,0.27,0.27,0.25
2024,8,5,94,3.03,2.92,0.2975,0.3,0.28
2024,8,6,94,2.08,2.04,0.2892,0.29,0.29
2024,8,7,94,1.13,1.11,0.2286,0.23,0.28
2024,8,8,94,0.55,0.48,0.1842,0.19,0.32
2024,8,9,94,0.47,0.47,0.15,0.15,0.26
2024,8,10,94,0.56,0.56,0.12,0.12,0.22
2024,8,11,94,0.71,0.71,0.17,0.17,0.24
2024,8,12,94,0.79,0.79,0.16,0.16,0.22
2024,8,13,94,0.89,0.89,0.16,0.16,0.25
2024,8,1,95,1.13,1.12,0.2431,0.25,0.34
2024,8,2,95,1.49,1.28,0.2484,0.25,0.27
2024,8,3,95,1.69,1.5,0.27,0.27,0.28
2024,8,4,95,2.11,2.03,0.2786,0.28,0.27
2024,8,5,95,2.2,2.16,0.2934,0.31,0.29
2024,8,6,95,1.78,1.79,0.2985,0.3,0.3
2024,8,7,95,1.01,1,0.2443,0.25,0.28
2024,8,8,95,0.55,0.47,0.197,0.2,0.28
2024,8,9,95,0.64,0.64,0.2,0.2,0.26
2024,8,10,95,0.96,0.96,0.17,0.17,0.23
2024,8,11,95,1.21,1.21,0.22,0.22,0.26
2024,8,12,95,1.2,1.2,0.27,0.27,0.32
2024,8,13,95,1.12,1.12,0.25,0.25,0.34
2024,8,1,96,1.89,1.99,0.3259,0.33,0.38
2024,8,2,96,2.08,2.04,0.2541,0.26,0.29
2024,8,3,96,2.36,2.22,0.29,0.29,0.27
2024,8,4,96,2.71,2.6,0.2985,0.3,0.25
2024,8,5,96,2.76,2.84,0.2731,0.28,0.28
2024,8,6,96,2.05,2.25,0.34,0.34,0.38
2024,8,7,96,1.22,1.32,0.1981,0.2,0.28
2024,8,8,96,0.53,0.49,0.2054,0.21,0.28
2024,8,9,96,1.44,1.3,0.1795,0.18,0.29
2024,8,10,96,2.51,2.51,0.29,0.29,0.44
2024,8,11,96,3.33,3.33,0.16,0.16,0.28
2024,8,12,96,2.79,2.79,0.19,0.19,0.3
2024,8,13,96,1.99,1.99,0.33,0.33,0.38
2024,8,1,97,3.04,3.31,0.5182,0.52,0.57
2024,8,2,97,2.9,2.93,0.2727,0.28,0.3
2024,8,3,97,3.19,3.21,0.25,0.25,0.27
2024,8,4,97,3.53,3.55,0.26,0.26,0.26
2024,8,5,97,3.43,3.6,0.2393,0.25,0.29
2024,8,6,97,2.7,3,0.43,0.43,0.54
2024,8,7,97,2.01,2.22,0.2928,0.3,0.43
2024,8,8,97,1.27,1.3,0.2,0.2,0.29
2024,8,9,97,2.8,2.69,0.28,0.28,0.43
2024,8,10,97,4.57,4.57,0.5,0.5,0.6
2024,8,11,97,5.81,5.81,1.08,1.08,0.83
2024,8,12,97,5,5,1.73,1.73,1.07
2024,8,13,97,3.31,3.31,0.52,0.52,0.57
2024,8,1,98,2.46,2.64,0.2149,0.22,0.27
2024,8,2,98,2.15,2.16,0.2876,0.29,0.29
2024,8,3,98,2.39,2.36,0.26,0.26,0.25
2024,8,4,98,2.64,2.72,0.2894,0.29,0.27
2024,8,5,98,2.22,2.4,0.3525,0.36,0.36
2024,8,6,98,1.63,1.82,0.3596,0.36,0.45
2024,8,7,98,0.99,1.04,0.2194,0.22,0.27
2024,8,8,98,0.75,0.77,0.2794,0.28,0.37
2024,8,9,98,3.49,3.4,0.36,0.36,0.52
2024,8,10,98,5.91,5.91,0.16,0.16,0.34
2024,8,11,98,7.24,7.24,0.42,0.42,0.56
2024,8,12,98,5.17,5.17,0.16,0.16,0.29
2024,8,13,98,2.64,2.64,0.22,0.22,0.27
2024,8,1,99,3.02,3.34,0.2218,0.23,0.4
2024,8,2,99,2.49,2.75,0.5089,0.51,0.67
2024,8,3,99,2.19,2.34,0.1699,0.17,0.29
2024,8,4,99,2.09,2.3,0.3784,0.38,0.51
2024,8,5,99,2.09,2.33,0.4754,0.48,0.62
2024,8,6,99,2.3,2.48,0.65,0.65,0.8
2024,8,7,99,2.6,2.72,0.9284,0.95,0.88
2024,8,8,99,2.67,2.51,0.4181,0.42,0.51
2024,8,9,99,3.61,3.61,0.14,0.14,0.3
2024,8,10,99,4.93,4.93,0.31,0.31,0.53
2024,8,11,99,5.78,5.78,0.46,0.46,0.63
2024,8,12,99,4.86,4.86,0.75,0.75,0.81
2024,8,13,99,3.34,3.34,0.23,0.23,0.4
2024,8,1,100,3.14,3.7,0.3048,0.32,0.41
2024,8,2,100,1.81,2.16,0.2396,0.24,0.3
2024,8,3,100,1.06,1.24,0.2499,0.25,0.27
2024,8,4,100,1.02,1.23,0.2091,0.21,0.28
2024,8,5,100,1.07,1.31,0.2579,0.26,0.35
2024,8,6,100,1.59,1.57,0.1899,0.19,0.25
2024,8,7,100,2.5,2.5,0.38,0.38,0.39
2024,8,8,100,3.5,3.5,0.45,0.45,0.46
2024,8,9,100,5.34,5.34,0.99,0.99,0.76
2024,8,10,100,6.42,6.42,1.55,1.55,0.91
2024,8,11,100,6.81,6.81,1.35,1.35,0.79
2024,8,12,100,5.59,5.59,0.3,0.3,0.4
2024,8,13,100,3.7,3.7,0.32,0.32,0.41
2024,8,1,101,3.02,3.47,0.3117,0.32,0.49
2024,8,2,101,2.26,2.59,0.4075,0.41,0.48
2024,8,3,101,1.76,1.99,0.2999,0.3,0.36
2024,8,4,101,1.77,2.05,0.3892,0.39,0.48
2024,8,5,101,1.51,1.74,0.2683,0.28,0.39
2024,8,6,101,1.45,1.57,0.1922,0.2,0.29
2024,8,7,101,1.59,1.61,0.3355,0.34,0.4
2024,8,8,101,1.93,1.8,0.318,0.33,0.42
2024,8,9,101,3.92,3.92,0.39,0.39,0.54
2024,8,10,101,5.86,5.86,0.14,0.14,0.29
2024,8,11,101,6.73,6.73,0.27,0.27,0.43
2024,8,12,101,5.28,5.28,0.13,0.13,0.29
2024,8,13,101,3.47,3.47,0.32,0.32,0.49
2024,8,1,102,2.42,2.94,0.4309,0.45,0.55
2024,8,2,102,1.93,2.28,0.3466,0.35,0.4
2024,8,3,102,1.68,1.92,0.2686,0.27,0.28
2024,8,4,102,1.72,1.98,0.26,0.26,0.28
2024,8,5,102,1.26,1.5,0.3291,0.33,0.39
2024,8,6,102,0.99,1.07,0.2014,0.21,0.29
2024,8,7,102,0.83,0.73,0.1869,0.19,0.2
2024,8,8,102,1.25,1.04,0.2281,0.23,0.27
2024,8,9,102,3.06,3.06,0.44,0.44,0.57
2024,8,10,102,4.67,4.67,0.33,0.33,0.44
2024,8,11,102,5.53,5.53,0.19,0.19,0.3
2024,8,12,102,4.26,4.26,0.16,0.16,0.28
2024,8,13,102,2.94,2.94,0.45,0.45,0.55
