YEAR,MN,LEAD,CD,ForecastedMEAN,ClimatologicalMEAN,ForecastedSD,ClimatologicalSD,PO,Modifier,ForecastedSD_in,Prediction_in,Anom_CF,Anom_in,Anom_cm
2020,5,1,97,4.72,4.72,0.3,0.3,0.49,0.571370604627251,0.0856841553301825,5.52410984163019,1.17036225458267,0.804109841630193,2.04243899774069
2020,5,2,97,5.89,5.89,0.48,0.48,0.61,0.571370604627251,0.300223477732874,6.81418475664976,1.15690742897279,0.924184756649761,2.34742928189039
2020,5,3,97,5.22,5.2,0.5051,0.51,0.68,0.571370604627251,0.36626063819515,5.95582316588946,1.1453506088249,0.755823165889462,1.91979084135923
2020,5,4,97,3.72,3.66,0.2998,0.3,0.4,0.571370604627251,0.0492129128664663,4.73466558773066,1.29362447752204,1.07466558773066,2.72965059283587
2020,5,5,97,3.74,3.33,0.2481,0.25,0.28,0.571370604627251,0.00688577344581892,5.22219060046315,1.56822540554449,1.89219060046315,4.8061641251764
2020,5,6,97,3.3,3.3,0.24,0.24,0.27,0.571370604627251,0.00506391118905434,4.68658904469479,1.42017849839236,1.38658904469479,3.52193617352477
2020,5,7,97,3.86,3.42,0.2306,0.24,0.25,0.571370604627251,0.0028277252628496,5.52913835791622,1.61670712219772,2.10913835791621,5.35721142910719
2020,5,8,97,3.86,3.68,0.2296,0.23,0.28,0.571370604627251,0.00522103647885012,5.2490097433129,1.42636134329155,1.5690097433129,3.98528474801476
2020,5,9,97,3.28,3.27,0.4,0.4,0.51,0.571370604627251,0.165853817864204,4.12999212579248,1.26299453388149,0.85999212579248,2.1843799995129
2020,5,10,97,2.54,2.49,0.3578,0.36,0.48,0.571370604627251,0.117512491374991,3.28068910680643,1.31754582602668,0.790689106806429,2.00835033128833
2020,5,11,97,1.43,1.43,0.2,0.2,0.29,0.571370604627251,0.00388828961794826,2.00524991124724,1.40227266520786,0.575249911247242,1.461134774568
2020,5,12,97,2.76,2.76,0.36,0.36,0.54,0.571370604627251,0.150777995168525,3.39823171490625,1.23124337496603,0.63823171490625,1.62110855586188
2020,5,13,97,4.72,4.72,0.3,0.3,0.49,0.571370604627251,0.0856841553301825,5.52410984163019,1.17036225458267,0.804109841630193,2.04243899774069
2020,5,1,97,4.72,4.72,0.3,0.3,0.49,-0.717713779166694,0.0856841553301825,3.80113075268182,0.805324312008861,-0.918869247318177,-2.33392788818817
2020,5,2,97,5.89,5.89,0.48,0.48,0.61,-0.717713779166694,0.300223477732874,4.80498461993685,0.815786862468056,-1.08501538006315,-2.75593906536041
2020,5,3,97,5.22,5.2,0.5051,0.51,0.68,-0.717713779166694,0.36626063819515,4.34099383567943,0.834806506861429,-0.85900616432057,-2.18187565737425
2020,5,4,97,3.72,3.66,0.2998,0.3,0.4,-0.717713779166694,0.0492129128664663,2.64728765304447,0.723302637443845,-1.01271234695553,-2.57228936126704
2020,5,5,97,3.74,3.33,0.2481,0.25,0.28,-0.717713779166694,0.00688577344581892,2.33972054554288,0.702618782445309,-0.990279454457121,-2.51530981432109
2020,5,6,97,3.3,3.3,0.24,0.24,0.27,-0.717713779166694,0.00506391118905434,2.0142965337698,0.610392889021151,-1.2857034662302,-3.26568680422471
2020,5,7,97,3.86,3.42,0.2306,0.24,0.25,-0.717713779166694,0.0028277252628496,2.33512863759694,0.682786151344135,-1.08487136240306,-2.75557326050377
2020,5,8,97,3.86,3.68,0.2296,0.23,0.28,-0.717713779166694,0.00522103647885012,2.516413492975,0.683808014395381,-1.163586507025,-2.95550972784349
2020,5,9,97,3.28,3.27,0.4,0.4,0.51,-0.717713779166694,0.165853817864204,2.34853252742966,0.718205665880629,-0.921467472570343,-2.34052738032867
2020,5,10,97,2.54,2.49,0.3578,0.36,0.48,-0.717713779166694,0.117512491374991,1.74818989791748,0.702084296352401,-0.741810102082522,-1.88419765928961
2020,5,11,97,1.43,1.43,0.2,0.2,0.29,-0.717713779166694,0.00388828961794826,0.886776987625748,0.620123767570453,-0.543223012374252,-1.3797864514306
2020,5,12,97,2.76,2.76,0.36,0.36,0.54,-0.717713779166694,0.150777995168525,2.04565284988141,0.741178568797614,-0.714347150118587,-1.81444176130121
2020,5,13,97,4.72,4.72,0.3,0.3,0.49,-0.717713779166694,0.0856841553301825,3.80113075268182,0.805324312008861,-0.918869247318177,-2.33392788818817
2020,5,1,97,4.72,4.72,0.3,0.3,0.49,-0.944053519515366,0.0856841553301825,3.53235255799813,0.748379779236893,-1.18764744200187,-3.01662450268474
2020,5,2,97,5.89,5.89,0.48,0.48,0.61,-0.944053519515366,0.300223477732874,4.48088869371332,0.760762087217882,-1.40911130628668,-3.57914271796816
2020,5,3,97,5.22,5.2,0.5051,0.51,0.68,-0.944053519515366,0.36626063819515,4.07473840941377,0.783603540271879,-1.12526159058623,-2.85816444008902
2020,5,4,97,3.72,3.66,0.2998,0.3,0.4,-0.944053519515366,0.0492129128664663,2.35345834542551,0.643021405853966,-1.30654165457449,-3.31861580261919
2020,5,5,97,3.74,3.33,0.2481,0.25,0.28,-0.944053519515366,0.00688577344581892,1.99043115049711,0.597727072221355,-1.33956884950289,-3.40250487773733
2020,5,6,97,3.3,3.3,0.24,0.24,0.27,-0.944053519515366,0.00506391118905434,1.69872678137416,0.514765691325503,-1.60127321862584,-4.06723397530963
2020,5,7,97,3.86,3.42,0.2306,0.24,0.25,-0.944053519515366,0.0028277252628496,1.96503188443602,0.574570726443282,-1.45496811556398,-3.6956190135325
2020,5,8,97,3.86,3.68,0.2296,0.23,0.28,-0.944053519515366,0.00522103647885012,2.17394359507457,0.590745542139829,-1.50605640492543,-3.82538326851059
2020,5,9,97,3.28,3.27,0.4,0.4,0.51,-0.944053519515366,0.165853817864204,2.08639133133684,0.638040162488331,-1.18360866866316,-3.00636601840442
2020,5,10,97,2.54,2.49,0.3578,0.36,0.48,-0.944053519515366,0.117512491374991,1.53016215669335,0.614522954495323,-0.959837843306646,-2.43798812199888
2020,5,11,97,1.43,1.43,0.2,0.2,0.29,-0.944053519515366,0.00388828961794826,0.751484811505984,0.525513854199989,-0.678515188494016,-1.7234285787748
2020,5,12,97,2.76,2.76,0.36,0.36,0.54,-0.944053519515366,0.150777995168525,1.84088599278218,0.666987678544267,-0.919114007217823,-2.33454957833327
2020,5,13,97,4.72,4.72,0.3,0.3,0.49,-0.944053519515366,0.0856841553301825,3.53235255799813,0.748379779236893,-1.18764744200187,-3.01662450268474
2020,5,1,97,4.72,4.72,0.3,0.3,0.49,-0.192557837655478,0.0856841553301825,4.4635207210699,0.9456611697182,-0.256479278930097,-0.651457368482447
2020,5,2,97,5.89,5.89,0.48,0.48,0.61,-0.192557837655478,0.300223477732874,5.59047810177656,0.949147385700604,-0.29952189822344,-0.760785621487538
2020,5,3,97,5.22,5.2,0.5051,0.51,0.68,-0.192557837655478,0.36626063819515,4.97910771274056,0.957520713988568,-0.220892287259446,-0.561066409638992
2020,5,4,97,3.72,3.66,0.2998,0.3,0.4,-0.192557837655478,0.0492129128664663,3.41064214963957,0.931869439792233,-0.249357850360427,-0.633368939915484
2020,5,5,97,3.74,3.33,0.2481,0.25,0.28,-0.192557837655478,0.00688577344581892,3.31734301649463,0.996199104052441,-0.0126569835053725,-0.0321487381036461
2020,5,6,97,3.3,3.3,0.24,0.24,0.27,-0.192557837655478,0.00506391118905434,2.90898045104025,0.881509227587955,-0.391019548959749,-0.993189654357763
2020,5,7,97,3.86,3.42,0.2306,0.24,0.25,-0.192557837655478,0.0028277252628496,3.39362942715997,0.992289306187125,-0.0263705728400323,-0.0669812550136821
2020,5,8,97,3.86,3.68,0.2296,0.23,0.28,-0.192557837655478,0.00522103647885012,3.45844520358606,0.939794892278821,-0.221554796413938,-0.562749182891402
2020,5,9,97,3.28,3.27,0.4,0.4,0.51,-0.192557837655478,0.165853817864204,3.01517047452905,0.922070481507356,-0.254829525470946,-0.647266994696202
2020,5,10,97,2.54,2.49,0.3578,0.36,0.48,-0.192557837655478,0.117512491374991,2.31249001975261,0.928710851306271,-0.177509980247387,-0.450875349828362
2020,5,11,97,1.43,1.43,0.2,0.2,0.29,-0.192557837655478,0.00388828961794826,1.2659625869216,0.8852885223228,-0.164037413078397,-0.416655029219128
2020,5,12,97,2.76,2.76,0.36,0.36,0.54,-0.192557837655478,0.150777995168525,2.55872130150444,0.927072935327695,-0.201278698495563,-0.511247894178729
2020,5,13,97,4.72,4.72,0.3,0.3,0.49,-0.192557837655478,0.0856841553301825,4.4635207210699,0.9456611697182,-0.256479278930097,-0.651457368482447
2020,5,1,97,4.72,4.72,0.3,0.3,0.49,-0.969693898530535,0.0856841553301825,3.50253826118298,0.742063190928598,-1.21746173881702,-3.09235281659522
2020,5,2,97,5.89,5.89,0.48,0.48,0.61,-0.969693898530535,0.300223477732874,4.44473251726718,0.754623517362849,-1.44526748273282,-3.67097940614136
2020,5,3,97,5.22,5.2,0.5051,0.51,0.68,-0.969693898530535,0.36626063819515,4.04491790862229,0.777868828581209,-1.15508209137771,-2.93390851209939
2020,5,4,97,3.72,3.66,0.2998,0.3,0.4,-0.969693898530535,0.0492129128664663,2.3214738123255,0.634282462384016,-1.3385261876745,-3.39985651669324
2020,5,5,97,3.74,3.33,0.2481,0.25,0.28,-0.969693898530535,0.00688577344581892,1.9533883400549,0.586603105121591,-1.3766116599451,-3.49659361626056
2020,5,6,97,3.3,3.3,0.24,0.24,0.27,-0.969693898530535,0.00506391118905434,1.66541260631978,0.504670486763571,-1.63458739368022,-4.15185197994775
2020,5,7,97,3.86,3.42,0.2306,0.24,0.25,-0.969693898530535,0.0028277252628496,1.92607211814919,0.563178981914969,-1.49392788185081,-3.79457681990105
2020,5,8,97,3.86,3.68,0.2296,0.23,0.28,-0.969693898530535,0.00522103647885012,2.13739162888159,0.580812942630866,-1.54260837111841,-3.91822526264077
2020,5,9,97,3.28,3.27,0.4,0.4,0.51,-0.969693898530535,0.165853817864204,2.05765409331136,0.629252016303167,-1.21234590668864,-3.07935860298915
2020,5,10,97,2.54,2.49,0.3578,0.36,0.48,-0.969693898530535,0.117512491374991,1.50641430992914,0.604985666638208,-0.983585690070863,-2.49830765277999
2020,5,11,97,1.43,1.43,0.2,0.2,0.29,-0.969693898530535,0.00388828961794826,0.737146570394745,0.515487112164157,-0.692853429605255,-1.75984771119735
2020,5,12,97,2.76,2.76,0.36,0.36,0.54,-0.969693898530535,0.150777995168525,1.81831683688328,0.658810448146116,-0.941683163116719,-2.39187523431647
2020,5,13,97,4.72,4.72,0.3,0.3,0.49,-0.969693898530535,0.0856841553301825,3.50253826118298,0.742063190928598,-1.21746173881702,-3.09235281659522
2020,5,1,97,4.72,4.72,0.3,0.3,0.49,-0.570971125490317,0.0856841553301825,3.98076121567032,0.843381613489474,-0.739238784329684,-1.8776665121974
2020,5,2,97,5.89,5.89,0.48,0.48,0.61,-0.570971125490317,0.300223477732874,5.01979397594044,0.852257041755592,-0.870206024059565,-2.21032330111129
2020,5,3,97,5.22,5.2,0.5051,0.51,0.68,-0.570971125490317,0.36626063819515,4.51647166531593,0.868552243329986,-0.683528334684074,-1.73616197009755
2020,5,4,97,3.72,3.66,0.2998,0.3,0.4,-0.570971125490317,0.0492129128664663,2.84896466483916,0.778405646130917,-0.811035335160844,-2.06002975130854
2020,5,5,97,3.74,3.33,0.2481,0.25,0.28,-0.570971125490317,0.00688577344581892,2.58848647977187,0.77732326719876,-0.741513520228128,-1.88344434137945
2020,5,6,97,3.3,3.3,0.24,0.24,0.27,-0.570971125490317,0.00506391118905434,2.24048676656938,0.678935383808903,-1.05951323343062,-2.69116361291378
2020,5,7,97,3.86,3.42,0.2306,0.24,0.25,-0.570971125490317,0.0028277252628496,2.60150737604454,0.760674671358054,-0.818492623955456,-2.07897126484686
2020,5,8,97,3.86,3.68,0.2296,0.23,0.28,-0.570971125490317,0.00522103647885012,2.75819154992249,0.749508573348501,-0.921808450077515,-2.34139346319689
2020,5,9,97,3.28,3.27,0.4,0.4,0.51,-0.570971125490317,0.165853817864204,2.52659987536945,0.772660512345398,-0.743400124630549,-1.88823631656159
2020,5,10,97,2.54,2.49,0.3578,0.36,0.48,-0.570971125490317,0.117512491374991,1.89762649986231,0.762098995928638,-0.592373500137692,-1.50462869034974
2020,5,11,97,1.43,1.43,0.2,0.2,0.29,-0.570971125490317,0.00388828961794826,0.983210639907777,0.687559888047396,-0.446789360092223,-1.13484497463425
2020,5,12,97,2.76,2.76,0.36,0.36,0.54,-0.570971125490317,0.150777995168525,2.18369937344466,0.79119542516111,-0.576300626555338,-1.46380359145056
2020,5,13,97,4.72,4.72,0.3,0.3,0.49,-0.570971125490317,0.0856841553301825,3.98076121567032,0.843381613489474,-0.739238784329684,-1.8776665121974
2020,5,1,97,4.72,4.72,0.3,0.3,0.49,-1.58911757553573,0.0856841553301825,2.82139023542649,0.597752168522562,-1.89860976457351,-4.8224688020167
2020,5,2,97,5.89,5.89,0.48,0.48,0.61,-1.58911757553573,0.300223477732874,3.60651418598403,0.61231140678846,-2.28348581401597,-5.80005396760056
2020,5,3,97,5.22,5.2,0.5051,0.51,0.68,-1.58911757553573,0.36626063819515,3.34629679272542,0.643518613985658,-1.85370320727458,-4.70840614647743
2020,5,4,97,3.72,3.66,0.2998,0.3,0.4,-1.58911757553573,0.0492129128664663,1.62676061372545,0.444470113039741,-2.03323938627455,-5.16442804113736
2020,5,5,97,3.74,3.33,0.2481,0.25,0.28,-1.58911757553573,0.00688577344581892,1.2006091477097,0.36054328760051,-2.1293908522903,-5.40865276481736
2020,5,6,97,3.3,3.3,0.24,0.24,0.27,-1.58911757553573,0.00506391118905434,0.996272183834323,0.301900661767977,-2.30372781616568,-5.85146865306082
2020,5,7,97,3.86,3.42,0.2306,0.24,0.25,-1.58911757553573,0.0028277252628496,1.14851171665867,0.335822139373879,-2.27148828334133,-5.76958023968699
2020,5,8,97,3.86,3.68,0.2296,0.23,0.28,-1.58911757553573,0.00522103647885012,1.3817988723275,0.375488824002039,-2.2982011276725,-5.83743086428814
2020,5,9,97,3.28,3.27,0.4,0.4,0.51,-1.58911757553573,0.165853817864204,1.42290634927889,0.435139556354402,-1.84709365072111,-4.69161787283161
2020,5,10,97,2.54,2.49,0.3578,0.36,0.48,-1.58911757553573,0.117512491374991,0.991092039618047,0.398028931573513,-1.49890796038195,-3.80722621937016
2020,5,11,97,1.43,1.43,0.2,0.2,0.29,-1.58911757553573,0.00388828961794826,0.446456050955427,0.312207028640159,-0.983543949044573,-2.49820163057322
2020,5,12,97,2.76,2.76,0.36,0.36,0.54,-1.58911757553573,0.150777995168525,1.31233764220007,0.475484652971039,-1.44766235779993,-3.67706238881183
2020,5,13,97,4.72,4.72,0.3,0.3,0.49,-1.58911757553573,0.0856841553301825,2.82139023542649,0.597752168522562,-1.89860976457351,-4.8224688020167
2020,5,1,97,4.72,4.72,0.3,0.3,0.49,0.45063445296342,0.0856841553301825,5.34881890842415,1.13322434500512,0.628818908424154,1.59720002739735
2020,5,2,97,5.89,5.89,0.48,0.48,0.61,0.45063445296342,0.300223477732874,6.61453359588049,1.12301079726324,0.724533595880486,1.84031533353644
2020,5,3,97,5.22,5.2,0.5051,0.51,0.68,0.45063445296342,0.36626063819515,5.79776200350303,1.11495423144289,0.597762003503027,1.51831548889769
2020,5,4,97,3.72,3.66,0.2998,0.3,0.4,0.45063445296342,0.0492129128664663,4.50797844091864,1.23168809861165,0.847978440918638,2.15386523993334
2020,5,5,97,3.74,3.33,0.2481,0.25,0.28,0.45063445296342,0.00688577344581892,4.87894309002884,1.46514807508373,1.54894309002883,3.93431544867324
2020,5,6,97,3.3,3.3,0.24,0.24,0.27,0.45063445296342,0.00506391118905434,4.36360817597146,1.32230550787014,1.06360817597146,2.70156476696751
2020,5,7,97,3.86,3.42,0.2306,0.24,0.25,0.45063445296342,0.0028277252628496,5.13838362654528,1.50245135279102,1.71838362654528,4.364694411425
2020,5,8,97,3.86,3.68,0.2296,0.23,0.28,0.45063445296342,0.00522103647885012,4.92959366377827,1.33956349559192,1.24959366377827,3.17396790599679
2020,5,9,97,3.28,3.27,0.4,0.4,0.51,0.45063445296342,0.165853817864204,3.94239555918205,1.20562555326668,0.672395559182046,1.7078847203224
2020,5,10,97,2.54,2.49,0.3578,0.36,0.48,0.45063445296342,0.117512491374991,3.11596454679225,1.25139138425391,0.625964546792248,1.58994994885231
2020,5,11,97,1.43,1.43,0.2,0.2,0.29,0.45063445296342,0.00388828961794826,1.87205412906635,1.30912876158486,0.442054129066349,1.12281748782853
2020,5,12,97,2.76,2.76,0.36,0.36,0.54,0.45063445296342,0.150777995168525,3.25829083801772,1.18054015870207,0.498290838017724,1.26565872856502
2020,5,13,97,4.72,4.72,0.3,0.3,0.49,0.45063445296342,0.0856841553301825,5.34881890842415,1.13322434500512,0.628818908424154,1.59720002739735
2020,5,1,97,4.72,4.72,0.3,0.3,0.49,-0.127206756712065,0.0856841553301825,4.54974657390737,0.963929358878681,-0.170253426092627,-0.432443702275272
2020,5,2,97,5.89,5.89,0.48,0.48,0.61,-0.127206756712065,0.300223477732874,5.69144727345132,0.966289859669154,-0.198552726548684,-0.504323925433657
2020,5,3,97,5.22,5.2,0.5051,0.51,0.68,-0.127206756712065,0.36626063819515,5.06045411464664,0.973164252816661,-0.139545885353363,-0.354446548797542
2020,5,4,97,3.72,3.66,0.2998,0.3,0.4,-0.127206756712065,0.0492129128664663,3.51382866273388,0.960062476156798,-0.146171337266118,-0.37127519665594
2020,5,5,97,3.74,3.33,0.2481,0.25,0.28,-0.127206756712065,0.00688577344581892,3.45670773623805,1.03805037124266,0.126707736238048,0.321837650044643
2020,5,6,97,3.3,3.3,0.24,0.24,0.27,-0.127206756712065,0.00506391118905434,3.03766431681316,0.92050433842823,-0.26233568318684,-0.666332635294574
2020,5,7,97,3.86,3.42,0.2306,0.24,0.25,-0.127206756712065,0.0028277252628496,3.5468780808173,1.03709885404014,0.126878080817296,0.322270325275931
2020,5,8,97,3.86,3.68,0.2296,0.23,0.28,-0.127206756712065,0.00522103647885012,3.59117628267773,0.975863120292861,-0.0888237173222706,-0.225612241998567
2020,5,9,97,3.28,3.27,0.4,0.4,0.51,-0.127206756712065,0.165853817864204,3.10382482604634,0.949181903989706,-0.166175173953662,-0.422084941842302
2020,5,10,97,2.54,2.49,0.3578,0.36,0.48,-0.127206756712065,0.117512491374991,2.38845926790621,0.959220589520568,-0.101540732093786,-0.257913459518216
2020,5,11,97,1.43,1.43,0.2,0.2,0.29,-0.127206756712065,0.00388828961794826,1.32004830209552,0.923110700766099,-0.109951697904479,-0.279277312677376
2020,5,12,97,2.76,2.76,0.36,0.36,0.54,-0.127206756712065,0.150777995168525,2.62624599835881,0.951538405202468,-0.133754001641188,-0.339735164168617
2020,5,13,97,4.72,4.72,0.3,0.3,0.49,-0.127206756712065,0.0856841553301825,4.54974657390737,0.963929358878681,-0.170253426092627,-0.432443702275272
2020,5,1,97,4.72,4.72,0.3,0.3,0.49,-1.27439444786291,0.0856841553301825,3.15809567994631,0.669088067785234,-1.56190432005369,-3.96723697293639
2020,5,2,97,5.89,5.89,0.48,0.48,0.61,-1.27439444786291,0.300223477732874,4.0238773369311,0.683171024945858,-1.8661226630689,-4.739951564195
2020,5,3,97,5.22,5.2,0.5051,0.51,0.68,-1.27439444786291,0.36626063819515,3.69596812316983,0.710763100609582,-1.50403187683018,-3.82024096714865
2020,5,4,97,3.72,3.66,0.2998,0.3,0.4,-1.27439444786291,0.0492129128664663,1.96125508240657,0.53586204437338,-1.69874491759343,-4.31481209068732
2020,5,5,97,3.74,3.33,0.2481,0.25,0.28,-1.27439444786291,0.00688577344581892,1.55024402851049,0.465538747300448,-1.77975597148951,-4.52058016758335
2020,5,6,97,3.3,3.3,0.24,0.24,0.27,-1.27439444786291,0.00506391118905434,1.30502176928745,0.395461142208319,-1.99497823071255,-5.06724470600987
2020,5,7,97,3.86,3.42,0.2306,0.24,0.25,-1.27439444786291,0.0028277252628496,1.50606023665502,0.440368490250007,-1.91393976334498,-4.86140699889624
2020,5,8,97,3.86,3.68,0.2296,0.23,0.28,-1.27439444786291,0.00522103647885012,1.73614020991766,0.471777230955886,-1.94385979008234,-4.93740386680914
2020,5,9,97,3.28,3.27,0.4,0.4,0.51,-1.27439444786291,0.165853817864204,1.73111959351994,0.529394371107017,-1.53888040648006,-3.90875623245934
2020,5,10,97,2.54,2.49,0.3578,0.36,0.48,-1.27439444786291,0.117512491374991,1.2389512163005,0.497570769598593,-1.2510487836995,-3.17766391059674
2020,5,11,97,1.43,1.43,0.2,0.2,0.29,-1.27439444786291,0.00388828961794826,0.58127160748716,0.406483641599413,-0.84872839251284,-2.15577011698261
2020,5,12,97,2.76,2.76,0.36,0.36,0.54,-1.27439444786291,0.150777995168525,1.55995821954912,0.565202253459828,-1.20004178045088,-3.04810612234522
2020,5,13,97,4.72,4.72,0.3,0.3,0.49,-1.27439444786291,0.0856841553301825,3.15809567994631,0.669088067785234,-1.56190432005369,-3.96723697293639
2020,5,1,97,4.72,4.72,0.3,0.3,0.49,1.46625520242748,0.0856841553301825,6.91336351680521,1.46469566034009,2.19336351680521,5.57114333268524
2020,5,2,97,5.89,5.89,0.48,0.48,0.61,1.46625520242748,0.300223477732874,8.36497195615965,1.42019897388109,2.47497195615965,6.28642876864551
2020,5,3,97,5.22,5.2,0.5051,0.51,0.68,1.46625520242748,0.36626063819515,7.16874032129791,1.37860390794191,1.96874032129791,5.0006004160967
2020,5,4,97,3.72,3.66,0.2998,0.3,0.4,1.46625520242748,0.0492129128664663,6.6281492358315,1.81096973656598,2.9681492358315,7.539099059012
2020,5,5,97,3.74,3.33,0.2481,0.25,0.28,1.46625520242748,0.00688577344581892,8.33226507251299,2.50218170345736,5.00226507251299,12.705753284183
2020,5,6,97,3.3,3.3,0.24,0.24,0.27,1.46625520242748,0.00506391118905434,7.65195097917611,2.31877302399276,4.35195097917611,11.0539554871073
2020,5,7,97,3.86,3.42,0.2306,0.24,0.25,1.46625520242748,0.0028277252628496,9.16197600904369,2.67894035352155,5.74197600904369,14.584619062971
2020,5,8,97,3.86,3.68,0.2296,0.23,0.28,1.46625520242748,0.00522103647885012,8.10000747259518,2.20108898711825,4.42000747259518,11.2268189803917
2020,5,9,97,3.28,3.27,0.4,0.4,0.51,1.46625520242748,0.165853817864204,5.65333454765323,1.72884848552087,2.38333454765323,6.0536697510392
2020,5,10,97,2.54,2.49,0.3578,0.36,0.48,1.46625520242748,0.117512491374991,4.63987873289615,1.86340511361291,2.14987873289615,5.46069198155622
2020,5,11,97,1.43,1.43,0.2,0.2,0.29,1.46625520242748,0.00388828961794826,3.21078968651147,2.24530747308494,1.78078968651147,4.52320580373913
2020,5,12,97,2.76,2.76,0.36,0.36,0.54,1.46625520242748,0.150777995168525,4.51913315088114,1.63736708365259,1.75913315088114,4.46819820323808
2020,5,13,97,4.72,4.72,0.3,0.3,0.49,1.46625520242748,0.0856841553301825,6.91336351680521,1.46469566034009,2.19336351680521,5.57114333268524
2020,5,1,97,4.72,4.72,0.3,0.3,0.49,0.138478354767795,0.0856841553301825,4.90896699061852,1.04003537936833,0.188966990618516,0.47997615617103
2020,5,2,97,5.89,5.89,0.48,0.48,0.61,0.138478354767795,0.300223477732874,6.10915290801915,1.03720762445147,0.219152908019153,0.556648386368647
2020,5,3,97,5.22,5.2,0.5051,0.51,0.68,0.138478354767795,0.36626063819515,5.39547409193796,1.03759117152653,0.195474091937958,0.496504193522412
2020,5,4,97,3.72,3.66,0.2998,0.3,0.4,0.138478354767795,0.0492129128664663,3.95250593357598,1.07991965398251,0.292505933575983,0.742965071282997
2020,5,5,97,3.74,3.33,0.2481,0.25,0.28,0.138478354767795,0.00688577344581892,4.06699419348484,1.22131957762307,0.736994193484835,1.87196525145148
2020,5,6,97,3.3,3.3,0.24,0.24,0.27,0.138478354767795,0.00506391118905434,3.60397838664873,1.09211466262083,0.303978386648733,0.772105102087783
2020,5,7,97,3.86,3.42,0.2306,0.24,0.25,0.138478354767795,0.0028277252628496,4.22396036680424,1.23507613064451,0.803960366804235,2.04205933168276
2020,5,8,97,3.86,3.68,0.2296,0.23,0.28,0.138478354767795,0.00522103647885012,4.16879462049601,1.13282462513479,0.48879462049601,1.24153833605987
2020,5,9,97,3.28,3.27,0.4,0.4,0.51,0.138478354767795,0.165853817864204,3.47720036748245,1.06336402675304,0.207200367482452,0.526288933405429
2020,5,10,97,2.54,2.49,0.3578,0.36,0.48,0.138478354767795,0.117512491374991,2.71048602945943,1.08854860620861,0.220486029459432,0.560034514826958
2020,5,11,97,1.43,1.43,0.2,0.2,0.29,0.138478354767795,0.00388828961794826,1.55692075124349,1.08875577010034,0.12692075124349,0.322378708158465
2020,5,12,97,2.76,2.76,0.36,0.36,0.54,0.138478354767795,0.150777995168525,2.90907291903507,1.05401192718662,0.149072919035071,0.378645214349082
2020,5,13,97,4.72,4.72,0.3,0.3,0.49,0.138478354767795,0.0856841553301825,4.90896699061852,1.04003537936833,0.188966990618516,0.47997615617103
2020,5,1,97,4.72,4.72,0.3,0.3,0.49,0.464080990900585,0.0856841553301825,5.36819864576222,1.13733022155979,0.64819864576222,1.64642456023604
2020,5,2,97,5.89,5.89,0.48,0.48,0.61,0.464080990900585,0.300223477732874,6.63665432579679,1.12676643901473,0.746654325796786,1.89650198752384
2020,5,3,97,5.22,5.2,0.5051,0.51,0.68,0.464080990900585,0.36626063819515,5.81529807083007,1.11832655208271,0.615298070830074,1.56285709990839
2020,5,4,97,3.72,3.66,0.2998,0.3,0.4,0.464080990900585,0.0492129128664663,4.53289510115935,1.23849592927851,0.872895101159348,2.21715355694474
2020,5,5,97,3.74,3.33,0.2481,0.25,0.28,0.464080990900585,0.00688577344581892,4.91634283454098,1.47637922959189,1.58634283454098,4.02931079973409
2020,5,6,97,3.3,3.3,0.24,0.24,0.27,0.464080990900585,0.00506391118905434,4.39874948251969,1.33295438864233,1.09874948251969,2.79082368560001
2020,5,7,97,3.86,3.42,0.2306,0.24,0.25,0.464080990900585,0.0028277252628496,5.18084471153472,1.51486687471776,1.76084471153472,4.4725455672982
2020,5,8,97,3.86,3.68,0.2296,0.23,0.28,0.464080990900585,0.00522103647885012,4.96445555568608,1.34903683578426,1.28445555568608,3.26251711144265
2020,5,9,97,3.28,3.27,0.4,0.4,0.51,0.464080990900585,0.165853817864204,3.96307695637199,1.2119501395633,0.693076956371993,1.76041546918486
2020,5,10,97,2.54,2.49,0.3578,0.36,0.48,0.464080990900585,0.117512491374991,3.13409184787145,1.25867142484797,0.644091847871446,1.63599329359347
2020,5,11,97,1.43,1.43,0.2,0.2,0.29,0.464080990900585,0.00388828961794826,1.88656789840528,1.31927825063306,0.456567898405277,1.1596824619494
2020,5,12,97,2.76,2.76,0.36,0.36,0.54,0.464080990900585,0.150777995168525,3.27374222268409,1.18613848647974,0.51374222268409,1.30490524561759
2020,5,13,97,4.72,4.72,0.3,0.3,0.49,0.464080990900585,0.0856841553301825,5.36819864576222,1.13733022155979,0.64819864576222,1.64642456023604
2020,5,1,97,4.72,4.72,0.3,0.3,0.49,0.897305223774695,0.0856841553301825,6.0117232952903,1.27367018968015,1.2917232952903,3.28097717003736
2020,5,2,97,5.89,5.89,0.48,0.48,0.61,0.897305223774695,0.300223477732874,7.36463833105302,1.2503630443214,1.47463833105302,3.74558136087466
2020,5,3,97,5.22,5.2,0.5051,0.51,0.68,0.897305223774695,0.36626063819515,6.38924376617531,1.22870072426448,1.18924376617531,3.0206791660853
2020,5,4,97,3.72,3.66,0.2998,0.3,0.4,0.897305223774695,0.0492129128664663,5.3802885020903,1.47002418089899,1.7202885020903,4.36953279530935
2020,5,5,97,3.74,3.33,0.2481,0.25,0.28,0.897305223774695,0.00688577344581892,6.23540594992625,1.87249427925713,2.90540594992625,7.37973111281268
2020,5,6,97,3.3,3.3,0.24,0.24,0.27,0.897305223774695,0.00506391118905434,5.6455354130936,1.71076830699806,2.3455354130936,5.95765994925774
2020,5,7,97,3.86,3.42,0.2306,0.24,0.25,0.897305223774695,0.0028277252628496,6.69550875360813,1.95775109754624,3.27550875360813,8.31979223416464
2020,5,8,97,3.86,3.68,0.2296,0.23,0.28,0.897305223774695,0.00522103647885012,6.18553022086071,1.68085060349476,2.5055302208607,6.36404676098619
2020,5,9,97,3.28,3.27,0.4,0.4,0.51,0.897305223774695,0.165853817864204,4.65773737212115,1.42438451746824,1.38773737212114,3.52485292518771
2020,5,10,97,2.54,2.49,0.3578,0.36,0.48,0.897305223774695,0.117512491374991,3.74745416889893,1.5050016742566,1.25745416889893,3.19393358900328
2020,5,11,97,1.43,1.43,0.2,0.2,0.29,0.897305223774695,0.00388828961794826,2.39828169040654,1.67712006322136,0.968281690406544,2.45943549363262
2020,5,12,97,2.76,2.76,0.36,0.36,0.54,0.897305223774695,0.150777995168525,3.78948045593411,1.37300016519352,1.02948045593411,2.61488035807264
2020,5,13,97,4.72,4.72,0.3,0.3,0.49,0.897305223774695,0.0856841553301825,6.0117232952903,1.27367018968015,1.2917232952903,3.28097717003736
2020,5,1,97,4.72,4.72,0.3,0.3,0.49,0.569406697911257,0.0856841553301825,5.52123547494639,1.16975327859034,0.801235474946387,2.03513810636382
2020,5,2,97,5.89,5.89,0.48,0.48,0.61,0.569406697911257,0.300223477732874,6.81091870474379,1.15635292100913,0.920918704743793,2.33913351004923
2020,5,3,97,5.22,5.2,0.5051,0.51,0.68,0.569406697911257,0.36626063819515,5.95324125911311,1.14485408829098,0.753241259113104,1.91323279814729
2020,5,4,97,3.72,3.66,0.2998,0.3,0.4,0.569406697911257,0.0492129128664663,4.73092479962664,1.29260240426957,1.07092479962664,2.72014899105166
2020,5,5,97,3.74,3.33,0.2481,0.25,0.28,0.569406697911257,0.00688577344581892,5.21647223021964,1.56650817724313,1.88647223021964,4.79163946475788
2020,5,6,97,3.3,3.3,0.24,0.24,0.27,0.569406697911257,0.00506391118905434,4.68120000366054,1.41854545565471,1.38120000366054,3.50824800929777
2020,5,7,97,3.86,3.42,0.2306,0.24,0.25,0.569406697911257,0.0028277252628496,5.52260944547838,1.61479808347321,2.10260944547838,5.34062799151507
2020,5,8,97,3.86,3.68,0.2296,0.23,0.28,0.569406697911257,0.00522103647885012,5.24369806035981,1.42491795118473,1.56369806035981,3.97179307331391
2020,5,9,97,3.28,3.27,0.4,0.4,0.51,0.569406697911257,0.165853817864204,4.12690647857592,1.26205091087949,0.856906478575923,2.17654245558284
2020,5,10,97,2.54,2.49,0.3578,0.36,0.48,0.569406697911257,0.117512491374991,3.27797436627277,1.31645556878425,0.787974366272774,2.00145489033285
2020,5,11,97,1.43,1.43,0.2,0.2,0.29,0.569406697911257,0.00388828961794826,2.00303109251789,1.4007210437188,0.573031092517888,1.45549897499543
2020,5,12,97,2.76,2.76,0.36,0.36,0.54,0.569406697911257,0.150777995168525,3.39593377636937,1.23041078853963,0.635933776369374,1.61527179197821
2020,5,13,97,4.72,4.72,0.3,0.3,0.49,0.569406697911257,0.0856841553301825,5.52123547494639,1.16975327859034,0.801235474946387,2.03513810636382
2020,5,1,97,4.72,4.72,0.3,0.3,0.49,-0.81763477748247,0.0856841553301825,3.68123544212461,0.779922763161995,-1.03876455787539,-2.63846197700348
2020,5,2,97,5.89,5.89,0.48,0.48,0.61,-0.81763477748247,0.300223477732874,4.66081996240956,0.791310689712998,-1.22918003759044,-3.12211729547972
2020,5,3,97,5.22,5.2,0.5051,0.51,0.68,-0.81763477748247,0.36626063819515,4.22278695162585,0.812074413774201,-0.977213048374154,-2.48212114287035
2020,5,4,97,3.72,3.66,0.2998,0.3,0.4,-0.81763477748247,0.0492129128664663,2.51501476444349,0.68716250394631,-1.14498523555651,-2.90826249831352
2020,5,5,97,3.74,3.33,0.2481,0.25,0.28,-0.81763477748247,0.00688577344581892,2.1805041276105,0.654806044327478,-1.1494958723895,-2.91971951586932
2020,5,6,97,3.3,3.3,0.24,0.24,0.27,-0.81763477748247,0.00506391118905434,1.87013951259034,0.566708943209193,-1.42986048740966,-3.63184563802055
2020,5,7,97,3.86,3.42,0.2306,0.24,0.25,-0.81763477748247,0.0028277252628496,2.16583212988323,0.633284248503867,-1.25416787011678,-3.18558639009661
2020,5,8,97,3.86,3.68,0.2296,0.23,0.28,-0.81763477748247,0.00522103647885012,2.36077403635788,0.641514683792901,-1.31922596364212,-3.35083394765099
2020,5,9,97,3.28,3.27,0.4,0.4,0.51,-0.81763477748247,0.165853817864204,2.23093281383554,0.682242450714233,-1.03906718616446,-2.63923065285772
2020,5,10,97,2.54,2.49,0.3578,0.36,0.48,-0.81763477748247,0.117512491374991,1.65007692202033,0.662681494787281,-0.83992307797967,-2.13340461806836
2020,5,11,97,1.43,1.43,0.2,0.2,0.29,-0.81763477748247,0.00388828961794826,0.825088139280953,0.576984712783884,-0.604911860719047,-1.53647612622638
2020,5,12,97,2.76,2.76,0.36,0.36,0.54,-0.81763477748247,0.150777995168525,1.95403122061371,0.707982326309316,-0.805968779386289,-2.04716069964117
2020,5,13,97,4.72,4.72,0.3,0.3,0.49,-0.81763477748247,0.0856841553301825,3.68123544212461,0.779922763161995,-1.03876455787539,-2.63846197700348
2020,5,1,97,4.72,4.72,0.3,0.3,0.49,-0.841292361106149,0.0856841553301825,3.65313555932191,0.773969398161422,-1.06686444067809,-2.70983567932234
2020,5,2,97,5.89,5.89,0.48,0.48,0.61,-0.841292361106149,0.300223477732874,4.62693829165503,0.785558283812399,-1.26306170834497,-3.20817673919622
2020,5,3,97,5.22,5.2,0.5051,0.51,0.68,-0.841292361106149,0.36626063819515,4.19495321765672,0.806721772626291,-1.00504678234328,-2.55281882715194
2020,5,4,97,3.72,3.66,0.2998,0.3,0.4,-0.841292361106149,0.0492129128664663,2.4842915080234,0.678768171591092,-1.1757084919766,-2.98629956962057
2020,5,5,97,3.74,3.33,0.2481,0.25,0.28,-0.841292361106149,0.00688577344581892,2.14398133945399,0.643838240076273,-1.18601866054601,-3.01248739778687
2020,5,6,97,3.3,3.3,0.24,0.24,0.27,-0.841292361106149,0.00506391118905434,1.83714289963657,0.55670996958684,-1.46285710036343,-3.71565703492311
2020,5,7,97,3.86,3.42,0.2306,0.24,0.25,-0.841292361106149,0.0028277252628496,2.12713509919338,0.621969327249527,-1.29286490080662,-3.28387684804881
2020,5,8,97,3.86,3.68,0.2296,0.23,0.28,-0.841292361106149,0.00522103647885012,2.32496458995683,0.631783855966528,-1.35503541004318,-3.44178994150967
2020,5,9,97,3.28,3.27,0.4,0.4,0.51,-0.841292361106149,0.165853817864204,2.2035230529245,0.673860260833181,-1.0664769470755,-2.70885144557176
2020,5,10,97,2.54,2.49,0.3578,0.36,0.48,-0.841292361106149,0.117512491374991,1.62727857480608,0.653525532050635,-0.862721425193918,-2.19131241999255
2020,5,11,97,1.43,1.43,0.2,0.2,0.29,-0.841292361106149,0.00388828961794826,0.810941404079645,0.567091890964787,-0.619058595920355,-1.5724088336377
2020,5,12,97,2.76,2.76,0.36,0.36,0.54,-0.841292361106149,0.150777995168525,1.9326216135433,0.700225222298296,-0.827378386456704,-2.10154110160003
2020,5,13,97,4.72,4.72,0.3,0.3,0.49,-0.841292361106149,0.0856841553301825,3.65313555932191,0.773969398161422,-1.06686444067809,-2.70983567932234
2020,5,1,97,4.72,4.72,0.3,0.3,0.49,-0.861119833314778,0.0856841553301825,3.62966956401781,0.768997788986825,-1.09033043598219,-2.76943930739475
2020,5,2,97,5.89,5.89,0.48,0.48,0.61,-0.861119833314778,0.300223477732874,4.59861630247575,0.780749796685186,-1.29138369752426,-3.28011459171161
2020,5,3,97,5.22,5.2,0.5051,0.51,0.68,-0.861119833314778,0.36626063819515,4.17167112268007,0.802244446669245,-1.02832887731993,-2.61195534839262
2020,5,4,97,3.72,3.66,0.2998,0.3,0.4,-0.861119833314778,0.0492129128664663,2.45871660923912,0.671780494327628,-1.20128339076088,-3.05125981253264
2020,5,5,97,3.74,3.33,0.2481,0.25,0.28,-0.861119833314778,0.00688577344581892,2.11371251563662,0.634748503194181,-1.21628748436338,-3.08937021028298
2020,5,6,97,3.3,3.3,0.24,0.24,0.27,-0.861119833314778,0.00506391118905434,1.80981744111402,0.548429527610309,-1.49018255888598,-3.78506369957039
2020,5,7,97,3.86,3.42,0.2306,0.24,0.25,-0.861119833314778,0.0028277252628496,2.095104443331,0.612603638400878,-1.324895556669,-3.36523471393925
2020,5,8,97,3.86,3.68,0.2296,0.23,0.28,-0.861119833314778,0.00522103647885012,2.29525525021615,0.623710665819606,-1.38474474978385,-3.51725166445098
2020,5,9,97,3.28,3.27,0.4,0.4,0.51,-0.861119833314778,0.165853817864204,2.18067877703539,0.666874243741709,-1.08932122296461,-2.76687590633011
2020,5,10,97,2.54,2.49,0.3578,0.36,0.48,-0.861119833314778,0.117512491374991,1.60829824414415,0.645902909294839,-0.881701755855851,-2.23952245987386
2020,5,11,97,1.43,1.43,0.2,0.2,0.29,-0.861119833314778,0.00388828961794826,0.799218360995621,0.558893958738197,-0.630781639004379,-1.60218536307112
2020,5,12,97,2.76,2.76,0.36,0.36,0.54,-0.861119833314778,0.150777995168525,1.91476178193883,0.693754268818417,-0.84523821806117,-2.14690507387537
2020,5,13,97,4.72,4.72,0.3,0.3,0.49,-0.861119833314778,0.0856841553301825,3.62966956401781,0.768997788986825,-1.09033043598219,-2.76943930739475
2020,5,1,97,4.72,4.72,0.3,0.3,0.49,-0.684477656780198,0.0856841553301825,3.84144522275069,0.813865513294638,-0.87855477724931,-2.23152913421325
2020,5,2,97,5.89,5.89,0.48,0.48,0.61,-0.684477656780198,0.300223477732874,4.85331612880122,0.823992551579155,-1.03668387119878,-2.6331770328449
2020,5,3,97,5.22,5.2,0.5051,0.51,0.68,-0.684477656780198,0.36626063819515,4.38054309420521,0.842412133501001,-0.819456905794793,-2.08142054071877
2020,5,4,97,3.72,3.66,0.2998,0.3,0.4,-0.684477656780198,0.0492129128664663,2.69218888790062,0.735570734399076,-0.967811112099383,-2.45824022473243
2020,5,5,97,3.74,3.33,0.2481,0.25,0.28,-0.684477656780198,0.00688577344581892,2.39448559041041,0.719064741864989,-0.935514409589587,-2.37620660035755
2020,5,6,97,3.3,3.3,0.24,0.24,0.27,-0.684477656780198,0.00506391118905434,2.06399482730391,0.625452977970882,-1.23600517269609,-3.13945313864807
2020,5,7,97,3.86,3.42,0.2306,0.24,0.25,-0.684477656780198,0.0028277252628496,2.39358066681912,0.699877387958807,-1.02641933318088,-2.60710510627944
2020,5,8,97,3.86,3.68,0.2296,0.23,0.28,-0.684477656780198,0.00522103647885012,2.5697808456671,0.698310012409539,-1.1102191543329,-2.81995665200556
2020,5,9,97,3.28,3.27,0.4,0.4,0.51,-0.684477656780198,0.165853817864204,2.38830486294997,0.730368459617727,-0.881695137050033,-2.23950564810708
2020,5,10,97,2.54,2.49,0.3578,0.36,0.48,-0.684477656780198,0.117512491374991,1.78147810219496,0.715453053090347,-0.708521897805037,-1.79964562042479
2020,5,11,97,1.43,1.43,0.2,0.2,0.29,-0.684477656780198,0.00388828961794826,0.908001931029091,0.634966385335029,-0.521998068970909,-1.32587509518611
2020,5,12,97,2.76,2.76,0.36,0.36,0.54,-0.684477656780198,0.150777995168525,2.07655597178084,0.752375352094508,-0.683444028219158,-1.73594783167666
2020,5,13,97,4.72,4.72,0.3,0.3,0.49,-0.684477656780198,0.0856841553301825,3.84144522275069,0.813865513294638,-0.87855477724931,-2.23152913421325
2020,5,1,97,4.72,4.72,0.3,0.3,0.49,1.22425204808312,0.0856841553301825,6.52199959373085,1.38177957494298,1.80199959373085,4.57707896807637
2020,5,2,97,5.89,5.89,0.48,0.48,0.61,1.22425204808312,0.300223477732874,7.93341352920018,1.34692929188458,2.04341352920018,5.19027036416846
2020,5,3,97,5.22,5.2,0.5051,0.51,0.68,1.22425204808312,0.36626063819515,6.83367665544234,1.31416858758506,1.63367665544233,4.14953870482353
2020,5,4,97,3.72,3.66,0.2998,0.3,0.4,1.22425204808312,0.0492129128664663,6.07828106907132,1.66073253253315,2.41828106907132,6.14243391544115
2020,5,5,97,3.74,3.33,0.2481,0.25,0.28,1.22425204808312,0.00688577344581892,7.38678928334985,2.218255040045,4.05678928334985,10.3042447797086
2020,5,6,97,3.3,3.3,0.24,0.24,0.27,1.22425204808312,0.00506391118905434,6.74398909788585,2.04363305996541,3.44398909788585,8.74773230863007
2020,5,7,97,3.86,3.42,0.2306,0.24,0.25,1.22425204808312,0.0028277252628496,8.04180999953327,2.35140643261207,4.62180999953327,11.7393973988145
2020,5,8,97,3.86,3.68,0.2296,0.23,0.28,1.22425204808312,0.00522103647885012,7.2401836609768,1.96744121222196,3.5601836609768,9.04286649888108
2020,5,9,97,3.28,3.27,0.4,0.4,0.51,1.22425204808312,0.165853817864204,5.21831747988432,1.59581574308389,1.94831747988432,4.94872639890617
2020,5,10,97,2.54,2.49,0.3578,0.36,0.48,1.22425204808312,0.117512491374991,4.24817932902377,1.7060961160738,1.75817932902377,4.46577549572038
2020,5,11,97,1.43,1.43,0.2,0.2,0.29,1.22425204808312,0.00388828961794826,2.84458816765696,1.98922249486501,1.41458816765696,3.59305394584868
2020,5,12,97,2.76,2.76,0.36,0.36,0.54,1.22425204808312,0.150777995168525,4.20155916828935,1.52230404648165,1.44155916828935,3.66156028745495
2020,5,13,97,4.72,4.72,0.3,0.3,0.49,1.22425204808312,0.0856841553301825,6.52199959373085,1.38177957494298,1.80199959373085,4.57707896807637
2020,5,1,97,4.72,4.72,0.3,0.3,0.49,-0.493558126268204,0.0856841553301825,4.0772288016931,0.863819661375656,-0.642771198306904,-1.63263884369954
2020,5,2,97,5.89,5.89,0.48,0.48,0.61,-0.493558126268204,0.300223477732874,5.13458645120424,0.871746426350465,-0.755413548795763,-1.91875041394124
2020,5,3,97,5.22,5.2,0.5051,0.51,0.68,-0.493558126268204,0.36626063819515,4.60993590972175,0.886526136484951,-0.590064090278254,-1.49876278930677
2020,5,4,97,3.72,3.66,0.2998,0.3,0.4,-0.493558126268204,0.0492129128664663,2.95895511361615,0.808457681315887,-0.701044886383855,-1.78065401141499
2020,5,5,97,3.74,3.33,0.2481,0.25,0.28,-0.493558126268204,0.00688577344581892,2.7271231946996,0.818955914324203,-0.602876805300405,-1.53130708546303
2020,5,6,97,3.3,3.3,0.24,0.24,0.27,-0.493558126268204,0.00506391118905434,2.36700991651226,0.717275732276443,-0.932990083487739,-2.36979481205886
2020,5,7,97,3.86,3.42,0.2306,0.24,0.25,-0.493558126268204,0.0028277252628496,2.75088924325593,0.804353579899394,-0.669110756744074,-1.69954132212995
2020,5,8,97,3.86,3.68,0.2296,0.23,0.28,-0.493558126268204,0.00522103647885012,2.89226281252545,0.785940981664524,-0.787737187474551,-2.00085245618536
2020,5,9,97,3.28,3.27,0.4,0.4,0.51,-0.493558126268204,0.165853817864204,2.62310576712347,0.802173017468952,-0.646894232876526,-1.64311135150638
2020,5,10,97,2.54,2.49,0.3578,0.36,0.48,-0.493558126268204,0.117512491374991,1.97903130605453,0.794791689178524,-0.510968693945475,-1.29786048262151
2020,5,11,97,1.43,1.43,0.2,0.2,0.29,-0.493558126268204,0.00388828961794826,1.03697319120347,0.725156077764664,-0.39302680879653,-0.998288094343186
2020,5,12,97,2.76,2.76,0.36,0.36,0.54,-0.493558126268204,0.150777995168525,2.25819254018555,0.818185702965777,-0.501807459814455,-1.27459094792872
2020,5,13,97,4.72,4.72,0.3,0.3,0.49,-0.493558126268204,0.0856841553301825,4.0772288016931,0.863819661375656,-0.642771198306904,-1.63263884369954
2020,5,1,97,4.72,4.72,0.3,0.3,0.49,-0.529843094418276,0.0856841553301825,4.03186590399238,0.854208877964488,-0.688134096007619,-1.74786060385935
2020,5,2,97,5.89,5.89,0.48,0.48,0.61,-0.529843094418276,0.300223477732874,5.08065497297135,0.862589978433167,-0.809345027028646,-2.05573636865276
2020,5,3,97,5.22,5.2,0.5051,0.51,0.68,-0.529843094418276,0.36626063819515,4.56605114265457,0.878086758202801,-0.633948857345432,-1.6102300976574
2020,5,4,97,3.72,3.66,0.2998,0.3,0.4,-0.529843094418276,0.0492129128664663,2.90708918516508,0.79428666261341,-0.75291081483492,-1.9123934696807
2020,5,5,97,3.74,3.33,0.2481,0.25,0.28,-0.529843094418276,0.00688577344581892,2.66149292308623,0.79924712404992,-0.668507076913768,-1.69800797536097
2020,5,6,97,3.3,3.3,0.24,0.24,0.27,-0.529843094418276,0.00506391118905434,2.30707419233734,0.699113391617375,-0.992925807662662,-2.52203155146316
2020,5,7,97,3.86,3.42,0.2306,0.24,0.25,-0.529843094418276,0.0028277252628496,2.68009203572529,0.783652642024937,-0.739907964274714,-1.87936622925777
2020,5,8,97,3.86,3.68,0.2296,0.23,0.28,-0.529843094418276,0.00522103647885012,2.82885044306112,0.768709359527478,-0.851149556938882,-2.16191987462476
2020,5,9,97,3.28,3.27,0.4,0.4,0.51,-0.529843094418276,0.165853817864204,2.57765089625393,0.788272445337594,-0.692349103746068,-1.75856672351501
2020,5,10,97,2.54,2.49,0.3578,0.36,0.48,-0.529843094418276,0.117512491374991,1.94065392073353,0.77937908463194,-0.549346079266469,-1.39533904133683
2020,5,11,97,1.43,1.43,0.2,0.2,0.29,-0.529843094418276,0.00388828961794826,1.01152057212501,0.707357043444064,-0.418479427874988,-1.06293774680247
2020,5,12,97,2.76,2.76,0.36,0.36,0.54,-0.529843094418276,0.150777995168525,2.22313304143009,0.805482986025394,-0.536866958569913,-1.36364207476758
2020,5,13,97,4.72,4.72,0.3,0.3,0.49,-0.529843094418276,0.0856841553301825,4.03186590399238,0.854208877964488,-0.688134096007619,-1.74786060385935
2020,5,1,97,4.72,4.72,0.3,0.3,0.49,0.0144619643269489,0.0856841553301825,4.73955784732734,1.00414361172189,0.0195578473273432,0.0496769322114518
2020,5,2,97,5.89,5.89,0.48,0.48,0.61,0.0144619643269489,0.300223477732874,5.91274103186985,1.00386095617485,0.0227410318698489,0.0577622209494162
2020,5,3,97,5.22,5.2,0.5051,0.51,0.68,0.0144619643269489,0.36626063819515,5.23823865404124,1.00735358731562,0.038238654041244,0.0971261812647599
2020,5,4,97,3.72,3.66,0.2998,0.3,0.4,0.0144619643269489,0.0492129128664663,3.74388686983184,1.02291990979012,0.0838868698318418,0.213072649372878
2020,5,5,97,3.74,3.33,0.2481,0.25,0.28,0.0144619643269489,0.00688577344581892,3.7732313463491,1.13310250641114,0.4432313463491,1.12580761972671
2020,5,6,97,3.3,3.3,0.24,0.24,0.27,0.0144619643269489,0.00506391118905434,3.33083654872539,1.00934440870466,0.0308365487253859,0.0783248337624802
2020,5,7,97,3.86,3.42,0.2306,0.24,0.25,0.0144619643269489,0.0028277252628496,3.89686690605604,1.13943476785264,0.476866906056038,1.21124194138234
2020,5,8,97,3.86,3.68,0.2296,0.23,0.28,0.0144619643269489,0.00522103647885012,3.89145240698688,1.05745989320296,0.211452406986881,0.537089113746678
2020,5,9,97,3.28,3.27,0.4,0.4,0.51,0.0144619643269489,0.165853817864204,3.3003307445245,1.00927545704113,0.030330744524496,0.0770400910922199
2020,5,10,97,2.54,2.49,0.3578,0.36,0.48,0.0144619643269489,0.117512491374991,2.55753547132143,1.02712267924555,0.0675354713214316,0.171540097156436
2020,5,11,97,1.43,1.43,0.2,0.2,0.29,0.0144619643269489,0.00388828961794826,1.44289833338781,1.00901981355791,0.0128983333878105,0.0327617668050388
2020,5,12,97,2.76,2.76,0.36,0.36,0.54,0.0144619643269489,0.150777995168525,2.77539963345249,1.00557957733786,0.0153996334524922,0.0391150689693301
2020,5,13,97,4.72,4.72,0.3,0.3,0.49,0.0144619643269489,0.0856841553301825,4.73955784732734,1.00414361172189,0.0195578473273432,0.0496769322114518
2020,5,1,97,4.72,4.72,0.3,0.3,0.49,-0.830310570412457,0.0856841553301825,3.66616579806252,0.776730041962399,-1.05383420193748,-2.6767388729212
2020,5,2,97,5.89,5.89,0.48,0.48,0.61,-0.830310570412457,0.300223477732874,4.64265408834086,0.788226500567209,-1.24734591165914,-3.16825861561421
2020,5,3,97,5.22,5.2,0.5051,0.51,0.68,-0.830310570412457,0.36626063819515,4.20786624163448,0.809205046468168,-0.992133758365525,-2.52001974624843
2020,5,4,97,3.72,3.66,0.2998,0.3,0.4,-0.830310570412457,0.0492129128664663,2.49852499050321,0.682657101230384,-1.16147500949679,-2.95014652412186
2020,5,5,97,3.74,3.33,0.2481,0.25,0.28,-0.830310570412457,0.00688577344581892,2.16087989211541,0.648912880515138,-1.16912010788459,-2.96956507402686
2020,5,6,97,3.3,3.3,0.24,0.24,0.27,-0.830310570412457,0.00506391118905434,1.85240652545796,0.561335310744836,-1.44759347454204,-3.67688742533679
2020,5,7,97,3.86,3.42,0.2306,0.24,0.25,-0.830310570412457,0.0028277252628496,2.14503310107689,0.627202661133593,-1.27496689892311,-3.23841592326471
2020,5,8,97,3.86,3.68,0.2296,0.23,0.28,-0.830310570412457,0.00522103647885012,2.34153824101935,0.636287565494389,-1.33846175898065,-3.39969286781085
2020,5,9,97,3.28,3.27,0.4,0.4,0.51,-0.830310570412457,0.165853817864204,2.21622594680167,0.677744937859837,-1.05377405319833,-2.67658609512377
2020,5,10,97,2.54,2.49,0.3578,0.36,0.48,-0.830310570412457,0.117512491374991,1.63784099866984,0.657767469345316,-0.852159001330164,-2.16448386337862
2020,5,11,97,1.43,1.43,0.2,0.2,0.29,-0.830310570412457,0.00388828961794826,0.817486682695319,0.571669008877845,-0.612513317304681,-1.55578382595389
2020,5,12,97,2.76,2.76,0.36,0.36,0.54,-0.830310570412457,0.150777995168525,1.94254640599081,0.703821161590872,-0.817453594009193,-2.07633212878335
2020,5,13,97,4.72,4.72,0.3,0.3,0.49,-0.830310570412457,0.0856841553301825,3.66616579806252,0.776730041962399,-1.05383420193748,-2.6767388729212
2020,5,1,97,4.72,4.72,0.3,0.3,0.49,0.688127420378637,0.0856841553301825,5.69636598937913,1.20685720113965,0.976365989379128,2.47996961302299
2020,5,2,97,5.89,5.89,0.48,0.48,0.61,0.688127420378637,0.300223477732874,7.0094508350863,1.19005956453078,1.1194508350863,2.84340512111921
2020,5,3,97,5.22,5.2,0.5051,0.51,0.68,0.688127420378637,0.36626063819515,6.10996265144256,1.17499281758511,0.909962651442561,2.31130513466411
2020,5,4,97,3.72,3.66,0.2998,0.3,0.4,0.688127420378637,0.0492129128664663,4.96025820867537,1.35526180564901,1.30025820867537,3.30265585003544
2020,5,5,97,3.74,3.33,0.2481,0.25,0.28,0.688127420378637,0.00688577344581892,5.57033932618091,1.6727745724267,2.24033932618091,5.6904618884995
2020,5,6,97,3.3,3.3,0.24,0.24,0.27,0.688127420378637,0.00506391118905434,5.01519433714416,1.51975585974066,1.71519433714416,4.35659361634618
2020,5,7,97,3.86,3.42,0.2306,0.24,0.25,0.688127420378637,0.0028277252628496,5.92781030246977,1.73327786621923,2.50781030246977,6.36983816827321
2020,5,8,97,3.86,3.68,0.2296,0.23,0.28,0.688127420378637,0.00522103647885012,5.57181618416862,1.51408048482843,1.89181618416862,4.8052131077883
2020,5,9,97,3.28,3.27,0.4,0.4,0.51,0.688127420378637,0.165853817864204,4.31546794150766,1.31971496682191,1.04546794150766,2.65548857142945
2020,5,10,97,2.54,2.49,0.3578,0.36,0.48,0.688127420378637,0.117512491374991,3.44418531783603,1.38320695495423,0.954185317836032,2.42363070730352
2020,5,11,97,1.43,1.43,0.2,0.2,0.29,0.688127420378637,0.00388828961794826,2.14032485019562,1.49673066447246,0.71032485019562,1.80422511949687
2020,5,12,97,2.76,2.76,0.36,0.36,0.54,0.688127420378637,0.150777995168525,3.53613066618489,1.28120676311047,0.776130666184885,1.97137189210961
2020,5,13,97,4.72,4.72,0.3,0.3,0.49,0.688127420378637,0.0856841553301825,5.69636598937913,1.20685720113965,0.976365989379128,2.47996961302299
2020,5,1,97,4.72,4.72,0.3,0.3,0.49,0.6023262208865,0.0856841553301825,5.56951716610783,1.17998245044657,0.849517166107832,2.15777360191389
2020,5,2,97,5.89,5.89,0.48,0.48,0.61,0.6023262208865,0.300223477732874,6.86574575509027,1.16566141852127,0.975745755090267,2.47839421792928
2020,5,3,97,5.22,5.2,0.5051,0.51,0.68,0.6023262208865,0.36626063819515,5.99656714885769,1.15318599016494,0.79656714885769,2.02328055809853
2020,5,4,97,3.72,3.66,0.2998,0.3,0.4,0.6023262208865,0.0492129128664663,4.79386343702423,1.30979875328531,1.13386343702423,2.88001313004154
2020,5,5,97,3.74,3.33,0.2481,0.25,0.28,0.6023262208865,0.00688577344581892,5.31292253446202,1.59547223257118,1.98292253446202,5.03662323753352
2020,5,6,97,3.3,3.3,0.24,0.24,0.27,0.6023262208865,0.00506391118905434,4.77213219289912,1.44610066451488,1.47213219289912,3.73921576996376
2020,5,7,97,3.86,3.42,0.2306,0.24,0.25,0.6023262208865,0.0028277252628496,5.63281554934412,1.6470220904515,2.21281554934412,5.62055149533408
2020,5,8,97,3.86,3.68,0.2296,0.23,0.28,0.6023262208865,0.00522103647885012,5.33324664621831,1.44925180603758,1.65324664621831,4.1992464813945
2020,5,9,97,3.28,3.27,0.4,0.4,0.51,0.6023262208865,0.165853817864204,4.17877818729261,1.27791381874392,0.908778187292614,2.30829659572324
2020,5,10,97,2.54,2.49,0.3578,0.36,0.48,0.6023262208865,0.117512491374991,3.32363397338546,1.33479276039577,0.833633973385465,2.11743029239908
2020,5,11,97,1.43,1.43,0.2,0.2,0.29,0.6023262208865,0.00388828961794826,2.04045450579853,1.42689126279617,0.610454505798529,1.55055444472826
2020,5,12,97,2.76,2.76,0.36,0.36,0.54,0.6023262208865,0.150777995168525,3.43454686167815,1.24440103683991,0.674546861678154,1.71334902866251
2020,5,13,97,4.72,4.72,0.3,0.3,0.49,0.6023262208865,0.0856841553301825,5.56951716610783,1.17998245044657,0.849517166107832,2.15777360191389
2020,5,1,97,4.72,4.72,0.3,0.3,0.49,1.58717857895382,0.0856841553301825,7.11327843850657,1.50705051663275,2.39327843850657,6.07892723380669
2020,5,2,97,5.89,5.89,0.48,0.48,0.61,1.58717857895382,0.300223477732874,8.58393898273351,1.45737503951333,2.69393898273351,6.84260501614313
2020,5,3,97,5.22,5.2,0.5051,0.51,0.68,1.58717857895382,0.36626063819515,7.33807582766701,1.4111684283975,2.13807582766701,5.4307126022742
2020,5,4,97,3.72,3.66,0.2998,0.3,0.4,1.58717857895382,0.0492129128664663,6.91367101156343,1.88898115070039,3.25367101156343,8.26432436937111
2020,5,5,97,3.74,3.33,0.2481,0.25,0.28,1.58717857895382,0.00688577344581892,8.83595399103964,2.65343963694884,5.50595399103964,13.9851231372407
2020,5,6,97,3.3,3.3,0.24,0.24,0.27,1.58717857895382,0.00506391118905434,8.13760772600122,2.46594173515188,4.83760772600122,12.2875236240431
2020,5,7,97,3.86,3.42,0.2306,0.24,0.25,1.58717857895382,0.0028277252628496,9.76363220664696,2.85486321831782,6.34363220664696,16.1128258048833
2020,5,8,97,3.86,3.68,0.2296,0.23,0.28,1.58717857895382,0.00522103647885012,8.55609492488158,2.32502579480478,4.87609492488158,12.3852811091992
2020,5,9,97,3.28,3.27,0.4,0.4,0.51,1.58717857895382,0.165853817864204,5.87709314592006,1.79727619141286,2.60709314592006,6.62201659063695
2020,5,10,97,2.54,2.49,0.3578,0.36,0.48,1.58717857895382,0.117512491374991,4.84233948778081,1.94471465372723,2.35233948778081,5.97494229896325
2020,5,11,97,1.43,1.43,0.2,0.2,0.29,1.58717857895382,0.00388828961794826,3.40576667565977,2.3816550179439,1.97576667565977,5.01844735617583
2020,5,12,97,2.76,2.76,0.36,0.36,0.54,1.58717857895382,0.150777995168525,4.68179759118327,1.6963034750664,1.92179759118327,4.88136588160552
2020,5,13,97,4.72,4.72,0.3,0.3,0.49,1.58717857895382,0.0856841553301825,7.11327843850657,1.50705051663275,2.39327843850657,6.07892723380669
2020,5,1,97,4.72,4.72,0.3,0.3,0.49,-0.514813986692398,0.0856841553301825,4.05062365651522,0.858182978075259,-0.669376343484777,-1.70021591245133
2020,5,2,97,5.89,5.89,0.48,0.48,0.61,-0.514813986692398,0.300223477732874,5.10296625807564,0.866377972508598,-0.787033741924358,-1.99906570448787
2020,5,3,97,5.22,5.2,0.5051,0.51,0.68,-0.514813986692398,0.36626063819515,4.58421176291243,0.881579185175468,-0.615788237087569,-1.56410212220243
2020,5,4,97,3.72,3.66,0.2998,0.3,0.4,-0.514813986692398,0.0492129128664663,2.9285051160322,0.800138009844864,-0.731494883967799,-1.85799700527821
2020,5,5,97,3.74,3.33,0.2481,0.25,0.28,-0.514813986692398,0.00688577344581892,2.68853714702832,0.807368512621118,-0.641462852971678,-1.62931564654806
2020,5,6,97,3.3,3.3,0.24,0.24,0.27,-0.514813986692398,0.00506391118905434,2.3317632703786,0.706594930417758,-0.968236729621398,-2.45932129323835
2020,5,7,97,3.86,3.42,0.2306,0.24,0.25,-0.514813986692398,0.0028277252628496,2.70924810073721,0.792177807233103,-0.710751899262788,-1.80530982412748
2020,5,8,97,3.86,3.68,0.2296,0.23,0.28,-0.514813986692398,0.00522103647885012,2.85499286780408,0.775813279294587,-0.82500713219592,-2.09551811577764
2020,5,9,97,3.28,3.27,0.4,0.4,0.51,-0.514813986692398,0.165853817864204,2.59643091109627,0.79401556914259,-0.673569088903729,-1.71086548581547
2020,5,10,97,2.54,2.49,0.3578,0.36,0.48,-0.514813986692398,0.117512491374991,1.95650229124337,0.78574389206561,-0.533497708756631,-1.35508418024184
2020,5,11,97,1.43,1.43,0.2,0.2,0.29,-0.514813986692398,0.00388828961794826,1.02200849133189,0.714691252679643,-0.407991508668111,-1.036298432017
2020,5,12,97,2.76,2.76,0.36,0.36,0.54,-0.514813986692398,0.150777995168525,2.23762394835849,0.81073331462264,-0.522376051641512,-1.32683517116944
2020,5,13,97,4.72,4.72,0.3,0.3,0.49,-0.514813986692398,0.0856841553301825,4.05062365651522,0.858182978075259,-0.669376343484777,-1.70021591245133
2020,5,1,97,4.72,4.72,0.3,0.3,0.49,-0.72813858763954,0.0856841553301825,3.78853044278179,0.802654754826649,-0.931469557218215,-2.36593267533427
2020,5,2,97,5.89,5.89,0.48,0.48,0.61,-0.72813858763954,0.300223477732874,4.78986389688094,0.813219676889803,-1.10013610311906,-2.79434570192241
2020,5,3,97,5.22,5.2,0.5051,0.51,0.68,-0.72813858763954,0.36626063819515,4.32861252330307,0.832425485250591,-0.871387476696926,-2.21332419081019
2020,5,4,97,3.72,3.66,0.2998,0.3,0.4,-0.72813858763954,0.0492129128664663,2.63329724264985,0.719480120942583,-1.02670275735015,-2.60782500366938
2020,5,5,97,3.74,3.33,0.2481,0.25,0.28,-0.72813858763954,0.00688577344581892,2.32273043083636,0.697516645896803,-1.00726956916365,-2.55846470567566
2020,5,6,97,3.3,3.3,0.24,0.24,0.27,-0.72813858763954,0.00506391118905434,1.99888983724182,0.605724193103581,-1.30111016275818,-3.30481981340579
2020,5,7,97,3.86,3.42,0.2306,0.24,0.25,-0.72813858763954,0.0028277252628496,2.31701717883128,0.677490403167042,-1.10298282116872,-2.80157636576854
2020,5,8,97,3.86,3.68,0.2296,0.23,0.28,-0.72813858763954,0.00522103647885012,2.49984005576213,0.679304362978839,-1.18015994423787,-2.9976062583642
2020,5,9,97,3.28,3.27,0.4,0.4,0.51,-0.72813858763954,0.165853817864204,2.33612500763059,0.714411317318223,-0.933874992369411,-2.3720424806183
2020,5,10,97,2.54,2.49,0.3578,0.36,0.48,-0.72813858763954,0.117512491374991,1.73781600643327,0.697918074872799,-0.752183993566731,-1.9105473436595
2020,5,11,97,1.43,1.43,0.2,0.2,0.29,-0.72813858763954,0.00388828961794826,0.880192829559393,0.615519461230345,-0.549807170440607,-1.39651021291914
2020,5,12,97,2.76,2.76,0.36,0.36,0.54,-0.72813858763954,0.150777995168525,2.03600373385812,0.737682512267435,-0.72399626614188,-1.83895051600037
2020,5,13,97,4.72,4.72,0.3,0.3,0.49,-0.72813858763954,0.0856841553301825,3.78853044278179,0.802654754826649,-0.931469557218215,-2.36593267533427
2020,5,1,97,4.72,4.72,0.3,0.3,0.49,1.63826274939061,0.0856841553301825,7.19860605614274,1.52512840172516,2.47860605614274,6.29565938260256
2020,5,2,97,5.89,5.89,0.48,0.48,0.61,1.63826274939061,0.300223477732874,8.67710360888657,1.47319246330842,2.78710360888657,7.0792431665719
2020,5,3,97,5.22,5.2,0.5051,0.51,0.68,1.63826274939061,0.36626063819515,7.40999086415119,1.424998243106,2.20999086415119,5.61337679494403
2020,5,4,97,3.72,3.66,0.2998,0.3,0.4,1.63826274939061,0.0492129128664663,7.03646629619927,1.92253177491783,3.37646629619927,8.57622439234615
2020,5,5,97,3.74,3.33,0.2481,0.25,0.28,1.63826274939061,0.00688577344581892,9.05518367138997,2.71927437579278,5.72518367138997,14.5419665253305
2020,5,6,97,3.3,3.3,0.24,0.24,0.27,1.63826274939061,0.00506391118905434,8.34938536636833,2.53011677768737,5.04938536636833,12.8254388305756
2020,5,7,97,3.86,3.42,0.2306,0.24,0.25,1.63826274939061,0.0028277252628496,10.0265094892574,2.9317279208355,6.6065094892574,16.7805341027138
2020,5,8,97,3.86,3.68,0.2296,0.23,0.28,1.63826274939061,0.00522103647885012,8.75421401639702,2.37886250445571,5.07421401639702,12.8885036016484
2020,5,9,97,3.28,3.27,0.4,0.4,0.51,1.63826274939061,0.165853817864204,5.97289851540024,1.82657446954136,2.70289851540024,6.86536222911661
2020,5,10,97,2.54,2.49,0.3578,0.36,0.48,1.63826274939061,0.117512491374991,4.9292208377729,1.97960676215779,2.4392208377729,6.19562092794317
2020,5,11,97,1.43,1.43,0.2,0.2,0.29,1.63826274939061,0.00388828961794826,3.49060545954407,2.44098283884201,2.06060545954407,5.23393786724193
2020,5,12,97,2.76,2.76,0.36,0.36,0.54,1.63826274939061,0.150777995168525,4.75130960049085,1.72148898568509,1.99130960049084,5.05792638524675
2020,5,13,97,4.72,4.72,0.3,0.3,0.49,1.63826274939061,0.0856841553301825,7.19860605614274,1.52512840172516,2.47860605614274,6.29565938260256
