"NearFut.avg_C.Diffs.10","NearFut.avg_C.mean.10","NearFut.avg_C.Diffs.90","NearFut.avg_C.mean.90","NearFut.avg_C.Diffs.Med","NearFut.avg_C.mean.med ","avg_C_rollmean.10","avg_C_rollmean.90","avg_C_rollmean.med"
NA,NA,NA,NA,NA,NA,28.5266666666667,30.9216666666667,29.7716666666667
NA,NA,NA,NA,NA,NA,28.4316666666667,31,29.6716666666667
NA,NA,NA,NA,NA,NA,28.4183333333333,31.0083333333333,29.6
NA,NA,NA,NA,NA,NA,28.3716666666667,30.9516666666667,29.6666666666667
NA,NA,NA,NA,NA,NA,28.2866666666667,30.8933333333333,29.7616666666667
NA,NA,NA,NA,NA,NA,28.2316666666667,30.835,29.75
NA,NA,NA,NA,NA,NA,28.1666666666667,30.8,29.8566666666667
NA,NA,NA,NA,NA,NA,28.1366666666667,30.7216666666667,29.925
NA,NA,NA,NA,NA,NA,28.0966666666667,30.7683333333333,29.9
NA,NA,NA,NA,NA,NA,28.1483333333333,30.8066666666667,29.795
NA,NA,NA,NA,NA,NA,28.165,30.835,29.7183333333333
NA,NA,NA,NA,NA,NA,28.1816666666667,30.795,29.7016666666667
NA,NA,NA,NA,NA,NA,28.1666666666667,30.8633333333333,29.78
NA,NA,NA,NA,NA,NA,28.25,30.9883333333333,29.7966666666667
NA,NA,NA,NA,NA,NA,28.37,30.9933333333333,29.72
NA,NA,NA,NA,NA,NA,28.41,31.0216666666667,29.65
NA,NA,NA,NA,NA,NA,28.3433333333333,31.0516666666667,29.5866666666667
NA,NA,NA,NA,NA,NA,28.3033333333333,31.205,29.5983333333333
NA,NA,NA,NA,NA,NA,28.26,31.2783333333333,29.585
NA,NA,NA,NA,NA,NA,28.175,31.3566666666667,29.655
NA,NA,NA,NA,NA,NA,28.135,31.405,29.7516666666667
NA,NA,NA,NA,NA,NA,28.095,31.385,29.8366666666667
NA,NA,NA,NA,NA,NA,28.16,31.2783333333333,29.8583333333333
NA,NA,NA,NA,NA,NA,28.2,31.1933333333333,29.715
NA,NA,NA,NA,NA,NA,28.1733333333333,31.2233333333333,29.7683333333333
NA,NA,NA,NA,NA,NA,28.0983333333333,31.195,29.7666666666667
NA,NA,NA,NA,NA,NA,27.8416666666667,31.1766666666667,29.785
NA,NA,NA,NA,NA,NA,27.6383333333333,31.1466666666667,29.7266666666667
NA,NA,NA,NA,NA,NA,27.505,31.0716666666667,29.7466666666667
NA,NA,NA,NA,NA,NA,27.47,30.9733333333333,29.7633333333333
NA,NA,NA,NA,NA,NA,27.5883333333333,30.8866666666667,29.685
NA,NA,NA,NA,NA,NA,27.915,30.8883333333333,29.6016666666667
NA,NA,NA,NA,NA,NA,28.095,30.9366666666667,29.5833333333333
NA,NA,NA,NA,NA,NA,28.0816666666667,30.9283333333333,29.48
NA,NA,NA,NA,NA,NA,28.0383333333333,30.9333333333333,29.4516666666667
NA,NA,NA,NA,NA,NA,27.9933333333333,30.865,29.465
NA,NA,NA,NA,NA,NA,27.9316666666667,30.855,29.2916666666667
NA,NA,NA,NA,NA,NA,27.8416666666667,30.855,29.2933333333333
NA,NA,NA,NA,NA,NA,27.76,30.8683333333333,29.2183333333333
NA,NA,NA,NA,NA,NA,27.68,30.9366666666667,29.175
NA,NA,NA,NA,NA,NA,27.6183333333333,30.98,29.1833333333333
NA,NA,NA,NA,NA,NA,27.4216666666667,31.1033333333333,29.185
NA,NA,NA,NA,NA,NA,27.225,31.12,29.1683333333333
NA,NA,NA,NA,NA,NA,27.04,31.0416666666667,29.0033333333333
NA,NA,NA,NA,NA,NA,26.95,30.9783333333333,28.8316666666667
NA,NA,NA,NA,NA,NA,26.9683333333333,30.9266666666667,28.7916666666667
NA,NA,NA,NA,NA,NA,26.9483333333333,30.7266666666667,28.8383333333333
NA,NA,NA,NA,NA,NA,26.8916666666667,30.5633333333333,28.7916666666667
NA,NA,NA,NA,NA,NA,26.7916666666667,30.4016666666667,28.5716666666667
NA,NA,NA,NA,NA,NA,26.6633333333333,30.2783333333333,28.3316666666667
NA,NA,NA,NA,NA,NA,26.62,30.0066666666667,28.2933333333333
NA,NA,NA,NA,NA,NA,26.5933333333333,29.7183333333333,28.2916666666667
NA,NA,NA,NA,NA,NA,26.4083333333333,29.4166666666667,28.255
NA,NA,NA,NA,NA,NA,26.2733333333333,29.2916666666667,28.1066666666667
NA,NA,NA,NA,NA,NA,26.2983333333333,29.2333333333333,28.0266666666667
NA,NA,NA,NA,NA,NA,26.35,29.1816666666667,27.995
NA,NA,NA,NA,NA,NA,26.3566666666667,29.1,27.9333333333333
NA,NA,NA,NA,NA,NA,26.365,28.995,27.845
NA,NA,NA,NA,NA,NA,26.205,28.855,27.7483333333333
NA,NA,NA,NA,NA,NA,26.0916666666667,28.69,27.63
NA,NA,NA,NA,NA,NA,25.96,28.585,27.4633333333333
NA,NA,NA,NA,NA,NA,25.7516666666667,28.5166666666667,27.2883333333333
NA,NA,NA,NA,NA,NA,25.5266666666667,28.4166666666667,27.2966666666667
NA,NA,NA,NA,NA,NA,25.3116666666667,28.2983333333333,27.29
NA,NA,NA,NA,NA,NA,25.19,28.2,27.2916666666667
NA,NA,NA,NA,NA,NA,25.2133333333333,28.1116666666667,27.1883333333333
NA,NA,NA,NA,NA,NA,25.3533333333333,28.0333333333333,26.97
NA,NA,NA,NA,NA,NA,25.1316666666667,28.0616666666667,26.9333333333333
NA,NA,NA,NA,NA,NA,24.9966666666667,28.0033333333333,26.86
NA,NA,NA,NA,NA,NA,24.9183333333333,27.91,26.6033333333333
NA,NA,NA,NA,NA,NA,24.9366666666667,27.7766666666667,26.4066666666667
NA,NA,NA,NA,NA,NA,24.74,27.7333333333333,26.3066666666667
NA,NA,NA,NA,NA,NA,24.3933333333333,27.6083333333333,26.1816666666667
NA,NA,NA,NA,NA,NA,24.5,27.6016666666667,26.1216666666667
NA,NA,NA,NA,NA,NA,24.5216666666667,27.5933333333333,25.975
NA,NA,NA,NA,NA,NA,24.4016666666667,27.5416666666667,25.7883333333333
NA,NA,NA,NA,NA,NA,24.2716666666667,27.5116666666667,25.6483333333333
NA,NA,NA,NA,NA,NA,23.9966666666667,27.4416666666667,25.5533333333333
NA,NA,NA,NA,NA,NA,23.8133333333333,27.2716666666667,25.3516666666667
NA,NA,NA,NA,NA,NA,23.6666666666667,27.035,25.0683333333333
NA,NA,NA,NA,NA,NA,23.595,26.8183333333333,25.0233333333333
NA,NA,NA,NA,NA,NA,23.5283333333333,26.7116666666667,24.88
NA,NA,NA,NA,NA,NA,23.5183333333333,26.5816666666667,24.7483333333333
NA,NA,NA,NA,NA,NA,23.4166666666667,26.38,24.685
NA,NA,NA,NA,NA,NA,23.4516666666667,26.1933333333333,24.525
NA,NA,NA,NA,NA,NA,23.4266666666667,25.885,24.4416666666667
NA,NA,NA,NA,NA,NA,23.235,25.7483333333333,24.2266666666667
NA,NA,NA,NA,NA,NA,23.0983333333333,25.6416666666667,24.0483333333333
NA,NA,NA,NA,NA,NA,22.8316666666667,25.345,23.9216666666667
NA,NA,NA,NA,NA,NA,22.5883333333333,25.1083333333333,23.7283333333333
NA,NA,NA,NA,NA,NA,22.175,24.7833333333333,23.5066666666667
NA,NA,NA,NA,NA,NA,21.845,24.6666666666667,23.4966666666667
NA,NA,NA,NA,NA,NA,21.5416666666667,24.5883333333333,23.0383333333333
NA,NA,NA,NA,NA,NA,21.4283333333333,24.4183333333333,22.8866666666667
NA,NA,NA,NA,NA,NA,21.3583333333333,24.235,22.7316666666667
NA,NA,NA,NA,NA,NA,21.035,24.07,22.5283333333333
NA,NA,NA,NA,NA,NA,20.9016666666667,23.7633333333333,22.4333333333333
NA,NA,NA,NA,NA,NA,20.8133333333333,23.585,22.3966666666667
NA,NA,NA,NA,NA,NA,20.725,23.4716666666667,22.1166666666667
NA,NA,NA,NA,NA,NA,20.4866666666667,23.1033333333333,21.9016666666667
NA,NA,NA,NA,NA,NA,20.3716666666667,22.91,21.595
NA,NA,NA,NA,NA,NA,20.3033333333333,22.7666666666667,21.4383333333333
NA,NA,NA,NA,NA,NA,20.0466666666667,22.45,21.235
NA,NA,NA,NA,NA,NA,19.755,22.3433333333333,20.945
NA,NA,NA,NA,NA,NA,19.4883333333333,22.1983333333333,20.6283333333333
NA,NA,NA,NA,NA,NA,19.145,22.0633333333333,20.3783333333333
NA,NA,NA,NA,NA,NA,18.76,21.7583333333333,20.21
NA,NA,NA,NA,NA,NA,18.46,21.3416666666667,20.1333333333333
NA,NA,NA,NA,NA,NA,18.13,21.1533333333333,19.94
NA,NA,NA,NA,NA,NA,17.8566666666667,20.9366666666667,19.8016666666667
NA,NA,NA,NA,NA,NA,17.78,20.77,19.65
NA,NA,NA,NA,NA,NA,17.38,20.5216666666667,19.47
NA,NA,NA,NA,NA,NA,17.3366666666667,20.335,19.13
NA,NA,NA,NA,NA,NA,17.2466666666667,20.155,18.8966666666667
NA,NA,NA,NA,NA,NA,16.9316666666667,19.7816666666667,18.6433333333333
NA,NA,NA,NA,NA,NA,16.7116666666667,19.69,18.4033333333333
NA,NA,NA,NA,NA,NA,16.6083333333333,19.78,18.185
NA,NA,NA,NA,NA,NA,16.2583333333333,19.7733333333333,17.9016666666667
NA,NA,NA,NA,NA,NA,15.9983333333333,19.5,17.6983333333333
NA,NA,NA,NA,NA,NA,15.7566666666667,19.23,17.4183333333333
NA,NA,NA,NA,NA,NA,15.4566666666667,19.0433333333333,17.3116666666667
NA,NA,NA,NA,NA,NA,15.2433333333333,18.8583333333333,17.095
NA,NA,NA,NA,NA,NA,15.065,18.6166666666667,16.8683333333333
NA,NA,NA,NA,NA,NA,14.8616666666667,18.3566666666667,16.6066666666667
NA,NA,NA,NA,NA,NA,14.7116666666667,18.1683333333333,16.5933333333333
NA,NA,NA,NA,NA,NA,14.5516666666667,18.0416666666667,16.37
NA,NA,NA,NA,NA,NA,14.2483333333333,17.8216666666667,16.245
NA,NA,NA,NA,NA,NA,13.89,17.5516666666667,16.0966666666667
NA,NA,NA,NA,NA,NA,13.635,17.3566666666667,15.7333333333333
NA,NA,NA,NA,NA,NA,13.3583333333333,17.4983333333333,15.4033333333333
NA,NA,NA,NA,NA,NA,13.045,17.5283333333333,15.39
NA,NA,NA,NA,NA,NA,12.6866666666667,17.3366666666667,15.31
NA,NA,NA,NA,NA,NA,12.5316666666667,17.1183333333333,14.9766666666667
NA,NA,NA,NA,NA,NA,12.5983333333333,16.6816666666667,14.8883333333333
NA,NA,NA,NA,NA,NA,12.435,16.3883333333333,14.76
NA,NA,NA,NA,NA,NA,12.4516666666667,16.405,14.4766666666667
NA,NA,NA,NA,NA,NA,12.4916666666667,16.1933333333333,14.41
NA,NA,NA,NA,NA,NA,12.3433333333333,16.2416666666667,14.07
NA,NA,NA,NA,NA,NA,12.0333333333333,16.3466666666667,13.7366666666667
NA,NA,NA,NA,NA,NA,11.7933333333333,15.8083333333333,13.4916666666667
NA,NA,NA,NA,NA,NA,11.7583333333333,15.7683333333333,13.295
NA,NA,NA,NA,NA,NA,11.7466666666667,15.6516666666667,13.34
NA,NA,NA,NA,NA,NA,11.6833333333333,15.3966666666667,13.3133333333333
NA,NA,NA,NA,NA,NA,11.3383333333333,15.06,13.2633333333333
NA,NA,NA,NA,NA,NA,11.1666666666667,14.6333333333333,13.1733333333333
NA,NA,NA,NA,NA,NA,11.2333333333333,14.5033333333333,12.9016666666667
NA,NA,NA,NA,NA,NA,11.1116666666667,14.34,12.7833333333333
NA,NA,NA,NA,NA,NA,10.8666666666667,14.3016666666667,12.415
NA,NA,NA,NA,NA,NA,10.7033333333333,14.355,12.3933333333333
NA,NA,NA,NA,NA,NA,10.4983333333333,14.36,12.0733333333333
NA,NA,NA,NA,NA,NA,10.4833333333333,14.225,11.8166666666667
NA,NA,NA,NA,NA,NA,10.47,13.82,11.57
NA,NA,NA,NA,NA,NA,10.4133333333333,13.5583333333333,11.4966666666667
NA,NA,NA,NA,NA,NA,10.305,13.4433333333333,11.3516666666667
NA,NA,NA,NA,NA,NA,10.0516666666667,13.3666666666667,11.2516666666667
NA,NA,NA,NA,NA,NA,10.0033333333333,13.365,11.1633333333333
NA,NA,NA,NA,NA,NA,9.98666666666667,13.1183333333333,11.1283333333333
NA,NA,NA,NA,NA,NA,9.75833333333333,13.0083333333333,11.06
NA,NA,NA,NA,NA,NA,9.44666666666667,12.9466666666667,10.9116666666667
NA,NA,NA,NA,NA,NA,9.18666666666667,12.5933333333333,10.8083333333333
NA,NA,NA,NA,NA,NA,8.99,12.3916666666667,10.4233333333333
NA,NA,NA,NA,NA,NA,8.91333333333333,12.2833333333333,10.5833333333333
NA,NA,NA,NA,NA,NA,8.67833333333333,12.1733333333333,10.455
NA,NA,NA,NA,NA,NA,8.53666666666667,12.14,10.3566666666667
NA,NA,NA,NA,NA,NA,8.675,11.95,10.3783333333333
NA,NA,NA,NA,NA,NA,8.57666666666667,11.62,10.275
NA,NA,NA,NA,NA,NA,8.62333333333333,11.5783333333333,10.0883333333333
NA,NA,NA,NA,NA,NA,8.32833333333333,11.5766666666667,9.775
NA,NA,NA,NA,NA,NA,8.29166666666667,11.6133333333333,9.86666666666667
NA,NA,NA,NA,NA,NA,8.46166666666667,11.6366666666667,9.76833333333333
NA,NA,NA,NA,NA,NA,8.365,11.4566666666667,9.69166666666667
NA,NA,NA,NA,NA,NA,8.10666666666667,11.5066666666667,9.445
NA,NA,NA,NA,NA,NA,8.265,11.575,9.545
NA,NA,NA,NA,NA,NA,8.18833333333333,11.6183333333333,9.58
NA,NA,NA,NA,NA,NA,8.13,11.5666666666667,9.58
NA,NA,NA,NA,NA,NA,8.14,11.4616666666667,9.51666666666667
NA,NA,NA,NA,NA,NA,8.07333333333333,11.4666666666667,9.59166666666667
NA,NA,NA,NA,NA,NA,7.93666666666667,11.4866666666667,9.71166666666667
NA,NA,NA,NA,NA,NA,7.85166666666667,11.56,9.65833333333333
NA,NA,NA,NA,NA,NA,7.905,11.85,9.64
NA,NA,NA,NA,NA,NA,7.863,11.0773333333333,NA
NA,NA,NA,NA,NA,NA,7.86366666666667,11.027,NA
NA,NA,NA,NA,NA,NA,7.64833333333333,11.1823333333333,NA
NA,NA,NA,NA,NA,NA,7.50533333333333,11.5023333333333,NA
NA,NA,NA,NA,NA,NA,7.555,11.8303333333333,NA
NA,NA,NA,NA,NA,NA,7.55233333333333,11.924,NA
NA,NA,NA,NA,NA,NA,7.66,11.8686666666667,NA
NA,NA,NA,NA,NA,NA,7.72433333333333,11.799,NA
NA,NA,NA,NA,NA,NA,7.701,12.0686666666667,NA
NA,NA,NA,NA,NA,NA,7.836,12.252,NA
NA,NA,NA,NA,NA,NA,8.014,12.182,NA
NA,NA,NA,NA,NA,NA,8.24666666666667,12.0353333333333,NA
NA,NA,NA,NA,NA,NA,8.526,12.027,NA
NA,NA,NA,NA,NA,NA,8.50033333333333,12.0206666666667,NA
NA,NA,NA,NA,NA,NA,8.4895,11.8328333333333,10.2633333333333
NA,NA,NA,NA,NA,NA,8.51933333333333,11.7828333333333,10.3108333333333
NA,NA,NA,NA,NA,NA,8.67466666666667,11.8378333333333,10.4808333333333
NA,NA,NA,NA,NA,NA,8.67033333333333,11.8478333333333,10.4575
-1.62340976958525,9.14729875576037,1.91414783410138,12.684856359447,0.449159354838709,NA,8.62433333333333,11.8973333333333,10.4716666666667
-1.62345935483871,9.24059594470046,1.95170193548387,12.815757235023,0.448234193548387,NA,8.5375,12.0223333333333,10.5041666666667
-1.62350894009217,9.33389313364055,1.98925603686636,12.9466581105991,0.447309032258064,NA,8.65183333333333,12.1491666666667,10.56
-1.62355852534562,9.42719032258065,2.02681013824885,13.0775589861751,0.446383870967741,NA,9.10333333333333,12.3178333333333,10.7983333333333
-1.62360811059908,9.52048751152074,2.06436423963134,13.2084598617512,0.445458709677419,NA,9.34483333333333,12.4975,10.9433333333333
-1.62365769585253,9.61378470046083,2.10191834101383,13.3393607373272,0.444533548387096,NA,9.5,12.62,10.9541666666667
-1.62370728110599,9.70708188940092,2.13947244239631,13.4702616129032,0.443608387096774,NA,9.7185,12.6815,11.0583333333333
-1.62375686635945,9.80037907834101,2.1770265437788,13.6011624884793,0.442683225806451,NA,9.8465,12.7271666666667,11.105
-1.6238064516129,9.89367626728111,2.21458064516129,13.7320633640553,0.441758064516129,NA,9.56366666666667,12.8115,11.1025
-1.62385603686636,9.9869734562212,2.25213474654378,13.8629642396313,0.440832903225806,NA,9.50283333333333,13.0096666666667,11.215
-1.62390562211982,10.0802706451613,2.28968884792627,13.9938651152074,0.439907741935483,NA,9.66283333333333,12.8731666666667,11.3133333333333
-1.62395520737327,10.1735678341014,2.32724294930876,14.1247659907834,0.438982580645161,NA,9.53883333333333,12.8916666666667,11.4775
-1.62400479262673,10.2668650230415,2.36479705069125,14.2556668663594,0.438057419354838,NA,9.74633333333333,13.0571666666667,11.5683333333333
-1.62405437788018,10.3601622119816,2.40235115207373,14.3865677419355,0.437132258064516,NA,10.0816666666667,13.1656666666667,11.7791666666667
-1.62410396313364,10.4534594009217,2.43990525345622,14.5174686175115,0.436207096774193,NA,10.3495,13.5701666666667,11.935
-1.6241535483871,10.5467565898618,2.47745935483871,14.6483694930876,0.435281935483871,NA,10.2505,13.7378333333333,12.1883333333333
-1.62420313364055,10.6400537788018,2.5150134562212,14.7792703686636,0.434356774193548,NA,10.2455,13.6958333333333,12.2475
-1.62425271889401,10.7333509677419,2.55256755760369,14.9101712442396,0.433431612903225,NA,10.3456666666667,13.6881666666667,12.3116666666667
-1.62430230414746,10.826648156682,2.59012165898618,15.0410721198157,0.432506451612903,NA,10.5051666666667,13.8608333333333,12.3675
-1.62435188940092,10.9199453456221,2.62767576036867,15.1719729953917,0.43158129032258,NA,10.5451666666667,13.9928333333333,12.4283333333333
-1.62440147465438,11.0132425345622,2.66522986175115,15.3028738709677,0.430656129032258,NA,10.6035,14.3273333333333,12.7033333333333
-1.62445105990783,11.1065397235023,2.70278396313364,15.4337747465438,0.429730967741935,NA,10.6808333333333,14.547,12.9133333333333
-1.62450064516129,11.1998369124424,2.74033806451613,15.5646756221198,0.428805806451613,NA,10.785,14.7621666666667,13.0375
-1.62455023041475,11.2931341013825,2.77789216589862,15.6955764976959,0.42788064516129,NA,10.8285,14.9928333333333,12.9991666666667
-1.6245998156682,11.3864312903226,2.81544626728111,15.8264773732719,0.426955483870967,NA,10.9911666666667,15.1625,12.8666666666667
-1.62464940092166,11.4797284792627,2.8530003686636,15.9573782488479,0.426030322580645,NA,11.1656666666667,15.4223333333333,12.95
-1.62469898617511,11.5730256682028,2.89055447004609,16.088279124424,0.425105161290322,NA,11.2831666666667,15.7358333333333,13.1516666666667
-1.62474857142857,11.6663228571429,2.92810857142857,16.21918,0.42418,NA,11.346,15.8015,13.2833333333333
-1.60345430217248,11.8268472942725,2.91438144502963,16.3446830414747,0.425017142857143,NA,11.5771666666667,15.8303333333333,13.3441666666667
-1.58216003291639,11.9873717314022,2.90065431863068,16.4701860829493,0.425854285714286,NA,11.9075,15.9331666666667,13.4525
-1.5608657636603,12.1478961685319,2.88692719223173,16.595689124424,0.426691428571428,NA,12.0723333333333,16.0905,13.565
-1.53957149440421,12.3084206056616,2.87320006583279,16.7211921658986,0.427528571428571,NA,12.1521666666667,16.1855,13.6791666666667
-1.51827722514812,12.4689450427913,2.85947293943384,16.8466952073733,0.428365714285714,NA,12.3175,16.2125,14.1116666666667
-1.49698295589203,12.629469479921,2.84574581303489,16.9721982488479,0.429202857142857,NA,12.4401666666667,16.3183333333333,14.2833333333333
-1.47568868663594,12.7899939170507,2.83201868663595,17.0977012903226,0.43004,NA,12.3625,16.4456666666667,14.4383333333333
-1.45439441737985,12.9505183541804,2.818291560237,17.2232043317972,0.430877142857143,NA,12.6286666666667,16.4788333333333,14.4991666666667
-1.43310014812376,13.1110427913101,2.80456443383805,17.3487073732719,0.431714285714286,NA,12.4403333333333,16.5186666666667,14.5741666666667
-1.41180587886768,13.2715672284398,2.79083730743911,17.4742104147465,0.432551428571429,NA,12.462,16.4486666666667,14.655
-1.39051160961159,13.4320916655695,2.77711018104016,17.5997134562212,0.433388571428572,NA,12.5328333333333,16.7848333333333,14.8525
-1.3692173403555,13.5926161026991,2.76338305464121,17.7252164976959,0.434225714285714,NA,12.771,17.1228333333333,15.1308333333333
-1.34792307109941,13.7531405398288,2.74965592824227,17.8507195391705,0.435062857142857,NA,13.1788333333333,17.4266666666667,15.24
-1.32662880184332,13.9136649769585,2.73592880184332,17.9762225806452,0.4359,NA,13.3118333333333,17.6451666666667,15.3016666666667
-1.30533453258723,14.0741894140882,2.72220167544438,18.1017256221198,0.436737142857143,NA,13.3766666666667,17.6811666666667,15.3533333333333
-1.28404026333114,14.2347138512179,2.70847454904543,18.2272286635945,0.437574285714286,NA,13.6136666666667,17.7405,15.485
-1.26274599407505,14.3952382883476,2.69474742264648,18.3527317050691,0.438411428571429,NA,13.8106666666667,17.6635,15.6341666666667
-1.24145172481896,14.5557627254773,2.68102029624754,18.4782347465438,0.439248571428572,NA,13.9186666666667,17.6961666666667,15.8966666666667
-1.22015745556287,14.716287162607,2.66729316984859,18.6037377880184,0.440085714285715,NA,14.0228333333333,17.7885,16.1225
-1.19886318630678,14.8768115997367,2.65356604344964,18.7292408294931,0.440922857142858,NA,14.1983333333333,17.8468333333333,16.21
-1.17756891705069,15.0373360368664,2.6398389170507,18.8547438709677,0.44176,NA,14.4863333333333,18.1985,16.2433333333333
-1.1562746477946,15.197860473996,2.62611179065175,18.9802469124424,0.442597142857143,NA,14.5581666666667,18.3526666666667,16.3508333333333
-1.13498037853851,15.3583849111257,2.6123846642528,19.1057499539171,0.443434285714286,NA,14.609,18.3008333333333,16.4766666666667
-1.11368610928242,15.5189093482554,2.59865753785386,19.2312529953917,0.444271428571429,NA,14.5413333333333,18.7975,16.5791666666667
-1.09239184002633,15.6794337853851,2.58493041145491,19.3567560368664,0.445108571428572,NA,14.3018333333333,19.1338333333333,16.7591666666667
-1.07109757077024,15.8399582225148,2.57120328505596,19.482259078341,0.445945714285715,NA,14.7715,19.1113333333333,16.9533333333333
-1.04980330151415,16.0004826596445,2.55747615865702,19.6077621198157,0.446782857142858,NA,15.3551666666667,19.0391666666667,17.0458333333333
-1.02850903225806,16.1610070967742,2.54374903225807,19.7332651612903,0.447620000000001,NA,15.602,19.169,17.0758333333333
-1.01604938605619,16.3176221366632,2.53392616024975,19.8675976829691,0.447994838709678,NA,15.7555,19.4955,17.365
-1.00358973985432,16.4742371765522,2.52410328824142,20.0019302046479,0.448369677419355,NA,16.0375,19.661,17.5883333333333
-0.991130093652445,16.6308522164412,2.5142804162331,20.1362627263267,0.448744516129033,NA,16.0938333333333,19.7485,17.7658333333333
-0.978670447450572,16.7874672563302,2.50445754422477,20.2705952480056,0.44911935483871,NA,16.0688333333333,19.7298333333333,17.82
-0.966210801248699,16.9440822962192,2.49463467221645,20.4049277696844,0.449494193548388,NA,16.131,19.9136666666667,17.8258333333333
-0.953751155046825,17.1006973361082,2.48481180020812,20.5392602913632,0.449869032258065,NA,16.209,20.1616666666667,17.9416666666667
-0.941291508844952,17.2573123759972,2.4749889281998,20.673592813042,0.450243870967743,NA,16.1685,20.124,17.9875
-0.928831862643079,17.4139274158862,2.46516605619147,20.8079253347208,0.45061870967742,NA,16.236,20.1635,18.24
-0.916372216441206,17.5705424557752,2.45534318418315,20.9422578563996,0.450993548387098,NA,16.4978333333333,20.4343333333333,18.4641666666667
-0.903912570239333,17.7271574956642,2.44552031217482,21.0765903780784,0.451368387096775,NA,16.8661666666667,20.8833333333333,18.7083333333333
-0.89145292403746,17.8837725355532,2.4356974401665,21.2109228997572,0.451743225806452,NA,17.2015,21.2256666666667,18.7658333333333
-0.878993277835587,18.0403875754422,2.42587456815817,21.345255421436,0.45211806451613,NA,17.2453333333333,21.4555,18.9466666666667
-0.866533631633713,18.1970026153313,2.41605169614985,21.4795879431148,0.452492903225807,NA,17.402,21.4691666666667,19.3175
-0.85407398543184,18.3536176552203,2.40622882414152,21.6139204647936,0.452867741935485,NA,17.5401666666667,21.3978333333333,19.3525
-0.841614339229967,18.5102326951093,2.3964059521332,21.7482529864724,0.453242580645162,NA,17.615,21.2448333333333,19.38
-0.829154693028094,18.6668477349983,2.38658308012487,21.8825855081512,0.45361741935484,NA,17.694,21.1685,19.505
-0.816695046826221,18.8234627748873,2.37676020811655,22.01691802983,0.453992258064517,NA,17.8481666666667,21.2568333333333,19.6441666666667
-0.804235400624348,18.9800778147763,2.36693733610822,22.1512505515088,0.454367096774195,NA,18.1528333333333,21.3173333333333,19.7741666666667
-0.791775754422474,19.1366928546653,2.3571144640999,22.2855830731877,0.454741935483872,NA,18.5956666666667,21.5145,19.8758333333333
-0.779316108220601,19.2933078945543,2.34729159209157,22.4199155948665,0.455116774193549,NA,18.8765,21.85,19.9408333333333
-0.766856462018728,19.4499229344433,2.33746872008325,22.5542481165453,0.455491612903227,NA,18.8981666666667,22.0811666666667,20.0133333333333
-0.754396815816855,19.6065379743323,2.32764584807493,22.6885806382241,0.455866451612904,NA,19.027,22.3685,20.2366666666667
-0.741937169614982,19.7631530142213,2.3178229760666,22.8229131599029,0.456241290322582,NA,19.0941666666667,22.4985,20.47
-0.729477523413109,19.9197680541103,2.30800010405828,22.9572456815817,0.456616129032259,NA,19.2945,22.5596666666667,20.6066666666667
-0.717017877211236,20.0763830939993,2.29817723204995,23.0915782032605,0.456990967741937,NA,19.4213333333333,22.659,20.6066666666667
-0.704558231009362,20.2329981338883,2.28835436004163,23.2259107249393,0.457365806451614,NA,19.5488333333333,22.8526666666667,20.7358333333333
-0.692098584807489,20.3896131737773,2.2785314880333,23.3602432466181,0.457740645161291,NA,19.6171666666667,22.9805,20.9291666666667
-0.679638938605616,20.5462282136663,2.26870861602498,23.4945757682969,0.458115483870969,NA,19.7466666666667,23.092,21.1041666666667
-0.667179292403743,20.7028432535553,2.25888574401665,23.6289082899757,0.458490322580646,NA,20.0138333333333,23.1723333333333,21.1875
-0.65471964620187,20.8594582934443,2.24906287200833,23.7632408116545,0.458865161290324,NA,20.324,23.2923333333333,21.4508333333333
-0.642259999999997,21.0160733333333,2.23924,23.8975733333333,0.459240000000001,NA,20.5568333333333,23.4383333333333,21.6583333333333
-0.651416731182792,21.1675528028674,2.24042574193549,24.0593952759857,0.457291333333335,NA,20.6518333333333,23.5191666666667,21.7366666666667
-0.660573462365588,21.3190322724014,2.24161148387097,24.221217218638,0.455342666666668,NA,20.6696666666667,23.6255,21.8558333333333
-0.669730193548384,21.4705117419355,2.24279722580645,24.3830391612903,0.453394000000001,NA,20.6406666666667,23.9473333333333,22.0008333333333
-0.67888692473118,21.6219912114695,2.24398296774194,24.5448611039427,0.451445333333335,NA,20.637,24.3185,22.1925
-0.688043655913975,21.7734706810036,2.24516870967742,24.706683046595,0.449496666666668,NA,20.8331666666667,24.5026666666667,22.61
-0.697200387096771,21.9249501505376,2.24635445161291,24.8685049892473,0.447548000000001,NA,21.0486666666667,24.5738333333333,22.7816666666667
-0.706357118279567,22.0764296200717,2.24754019354839,25.0303269318996,0.445599333333335,NA,21.2238333333333,24.766,22.9608333333333
-0.715513849462363,22.2279090896057,2.24872593548387,25.192148874552,0.443650666666668,NA,21.3463333333333,25.0146666666667,23.0966666666667
-0.724670580645158,22.3793885591398,2.24991167741936,25.3539708172043,0.441702000000001,NA,21.535,25.086,23.175
-0.733827311827954,22.5308680286738,2.25109741935484,25.5157927598566,0.439753333333334,NA,21.662,25.0338333333333,23.275
-0.74298404301075,22.6823474982079,2.25228316129032,25.677614702509,0.437804666666668,NA,21.8095,25.0053333333333,23.445
-0.752140774193546,22.8338269677419,2.25346890322581,25.8394366451613,0.435856000000001,NA,21.9661666666667,25.2761666666667,23.6933333333333
-0.761297505376341,22.985306437276,2.25465464516129,26.0012585878136,0.433907333333334,NA,22.1096666666667,25.4806666666667,23.8183333333333
-0.770454236559137,23.13678590681,2.25584038709678,26.163080530466,0.431958666666668,NA,22.3746666666667,25.6396666666667,23.8141666666667
-0.779610967741933,23.2882653763441,2.25702612903226,26.3249024731183,0.430010000000001,NA,22.5598333333333,25.6363333333333,23.8008333333333
-0.788767698924728,23.4397448458781,2.25821187096774,26.4867244157706,0.428061333333334,NA,22.6656666666667,25.7986666666667,23.9716666666667
-0.797924430107524,23.5912243154122,2.25939761290323,26.6485463584229,0.426112666666668,NA,22.7933333333333,26.0475,24.1591666666667
-0.80708116129032,23.7427037849462,2.26058335483871,26.8103683010753,0.424164000000001,NA,23.019,26.3198333333333,24.385
-0.816237892473116,23.8941832544803,2.2617690967742,26.9721902437276,0.422215333333334,NA,23.2891666666667,26.5921666666667,24.5333333333333
-0.825394623655911,24.0456627240143,2.26295483870968,27.1340121863799,0.420266666666668,NA,23.3236666666667,26.7898333333333,24.6408333333333
-0.834551354838707,24.1971421935484,2.26414058064516,27.2958341290323,0.418318000000001,NA,23.3958333333333,26.888,24.7333333333333
-0.843708086021503,24.3486216630824,2.26532632258065,27.4576560716846,0.416369333333334,NA,23.4975,27.0261666666667,24.8516666666667
-0.852864817204299,24.5001011326165,2.26651206451613,27.6194780143369,0.414420666666668,NA,23.5465,27.1995,24.8866666666667
-0.862021548387094,24.6515806021505,2.26769780645161,27.7812999569892,0.412472000000001,NA,23.741,27.2515,25.1616666666667
-0.87117827956989,24.8030600716846,2.2688835483871,27.9431218996416,0.410523333333334,NA,23.8626666666667,27.3876666666667,25.4691666666667
-0.880335010752686,24.9545395412186,2.27006929032258,28.1049438422939,0.408574666666668,NA,24.1113333333333,27.4376666666667,25.7033333333333
-0.889491741935482,25.1060190107527,2.27125503225807,28.2667657849462,0.406626000000001,NA,24.557,27.5375,25.9925
-0.898648473118277,25.2574984802867,2.27244077419355,28.4285877275986,0.404677333333334,NA,24.8096666666667,27.6081666666667,26.1733333333333
-0.907805204301073,25.4089779498208,2.27362651612903,28.5904096702509,0.402728666666668,NA,24.9435,27.9515,26.26
-0.916961935483869,25.5604574193548,2.27481225806452,28.7522316129032,0.400780000000001,NA,24.9938333333333,28.21,26.4208333333333
-0.922493916059658,25.666621588623,2.25043809920222,28.8395536038848,0.39813806451613,NA,25.0815,28.489,26.6233333333333
-0.928025896635447,25.7727857578911,2.22606394033993,28.9268755948665,0.395496129032259,NA,25.4655,28.7443333333333,26.885
-0.933557877211237,25.8789499271592,2.20168978147763,29.0141975858481,0.392854193548388,NA,25.6706666666667,28.9823333333333,27.0425
-0.939089857787026,25.9851140964273,2.17731562261533,29.1015195768297,0.390212258064517,NA,25.8218333333333,29.1806666666667,27.1025
-0.944621838362815,26.0912782656955,2.15294146375304,29.1888415678113,0.387570322580646,NA,25.9505,29.1956666666667,27.165
-0.950153818938605,26.1974424349636,2.12856730489074,29.2761635587929,0.384928387096775,NA,25.9783333333333,29.0996666666667,27.2858333333333
-0.955685799514394,26.3036066042317,2.10419314602844,29.3634855497745,0.382286451612904,NA,26.0973333333333,28.9805,27.5166666666667
-0.961217780090183,26.4097707734998,2.07981898716615,29.4508075407562,0.379644516129033,NA,26.0835,28.8985,27.7108333333333
-0.966749760665973,26.5159349427679,2.05544482830385,29.5381295317378,0.377002580645162,NA,26.2091666666667,29.028,27.88
-0.972281741241762,26.6220991120361,2.03107066944156,29.6254515227194,0.374360645161291,NA,26.2785,29.1386666666667,28.0025
-0.977813721817551,26.7282632813042,2.00669651057926,29.712773513701,0.37171870967742,NA,26.3706666666667,29.2866666666667,28.0941666666667
-0.98334570239334,26.8344274505723,1.98232235171696,29.8000955046826,0.369076774193549,NA,26.4906666666667,29.5495,28.295
-0.98887768296913,26.9405916198404,1.95794819285467,29.8874174956642,0.366434838709678,NA,26.7041666666667,29.8313333333333,28.3841666666667
-0.994409663544919,27.0467557891086,1.93357403399237,29.9747394866459,0.363792903225807,NA,26.9641666666667,29.996,28.5216666666667
-0.999941644120708,27.1529199583767,1.90919987513007,30.0620614776275,0.361150967741936,NA,27.2401666666667,29.9476666666667,28.64
-1.0054736246965,27.2590841276448,1.88482571626778,30.1493834686091,0.358509032258065,NA,27.4275,30.117,28.6683333333333
-1.01100560527229,27.3652482969129,1.86045155740548,30.2367054595907,0.355867096774194,NA,27.3725,30.2518333333333,28.8416666666667
-1.01653758584808,27.4714124661811,1.83607739854318,30.3240274505723,0.353225161290323,NA,27.4585,30.29,28.9766666666667
-1.02206956642387,27.5775766354492,1.81170323968089,30.4113494415539,0.350583225806452,NA,27.6555,30.3223333333333,29.0933333333333
-1.02760154699965,27.6837408047173,1.78732908081859,30.4986714325356,0.347941290322581,NA,27.8205,30.3981666666667,29.1375
-1.03313352757544,27.7899049739854,1.7629549219563,30.5859934235172,0.34529935483871,NA,28.008,30.4461666666667,29.1816666666667
-1.03866550815123,27.8960691432536,1.738580763094,30.6733154144988,0.342657419354839,NA,28.169,30.6228333333333,29.2633333333333
-1.04419748872702,28.0022333125217,1.7142066042317,30.7606374054804,0.340015483870968,NA,28.1845,30.7415,29.375
-1.04972946930281,28.1083974817898,1.68983244536941,30.847959396462,0.337373548387097,NA,28.2925,30.787,29.4658333333333
-1.0552614498786,28.2145616510579,1.66545828650711,30.9352813874436,0.334731612903226,NA,28.3478333333333,30.8395,29.4525
-1.06079343045439,28.320725820326,1.64108412764481,31.0226033784253,0.332089677419355,NA,28.3298333333333,31.0076666666667,29.4333333333333
-1.06632541103018,28.4268899895942,1.61670996878252,31.1099253694069,0.329447741935484,NA,28.3831666666667,31.1235,29.4033333333333
-1.07185739160597,28.5330541588623,1.59233580992022,31.1972473603885,0.326805806451613,NA,28.4563333333333,31.1811666666667,29.4966666666667
-1.07738937218176,28.6392183281304,1.56796165105793,31.2845693513701,0.324163870967742,NA,28.4748333333333,31.2153333333333,29.6983333333333
-1.08292135275755,28.7453824973985,1.54358749219563,31.3718913423517,0.321521935483871,NA,28.5603333333333,31.2065,29.8766666666667
-1.08845333333334,28.8515466666667,1.51921333333333,31.4592133333333,0.31888,NA,28.5326666666667,31.1403333333333,29.94
-1.09265650179212,28.8447198422939,1.51473848028674,31.4521148243728,0.322884,NA,28.5868333333333,31.089,29.9591666666667
-1.0968596702509,28.8378930179211,1.51026362724014,31.4450163154122,0.326888,NA,28.6855,30.9935,29.9791666666667
-1.10106283870968,28.8310661935484,1.50578877419355,31.4379178064516,0.330892,NA,28.7728333333333,31.0238333333333,30.0925
-1.10526600716846,28.8242393691756,1.50131392114695,31.430819297491,0.334896,NA,28.7533333333333,31.0481666666667,30.1108333333333
-1.10946917562724,28.8174125448029,1.49683906810036,31.4237207885305,0.3389,NA,28.7208333333333,30.8998333333333,30.0983333333333
-1.11367234408602,28.8105857204301,1.49236421505376,31.4166222795699,0.342904,NA,28.7196666666667,30.9131666666667,29.9075
-1.11787551254481,28.8037588960573,1.48788936200717,31.4095237706093,0.346908,NA,28.6798333333333,30.9756666666667,29.935
-1.12207868100359,28.7969320716846,1.48341450896057,31.4024252616487,0.350912,NA,28.66,30.9905,30
-1.12628184946237,28.7901052473118,1.47893965591398,31.3953267526882,0.354916,NA,28.6985,30.887,30
-1.13048501792115,28.7832784229391,1.47446480286738,31.3882282437276,0.35892,NA,28.7398333333333,30.8215,29.9916666666667
-1.13468818637993,28.7764515985663,1.46998994982079,31.381129734767,0.362924,NA,28.6733333333333,30.8641666666667,29.9033333333333
-1.13889135483871,28.7696247741935,1.46551509677419,31.3740312258065,0.366928,NA,28.6903333333333,30.9135,29.8041666666667
-1.14309452329749,28.7627979498208,1.4610402437276,31.3669327168459,0.370932,NA,28.714,30.9661666666667,29.7575
-1.14729769175627,28.755971125448,1.456565390681,31.3598342078853,0.374936,NA,28.6951666666667,31.0035,29.725
-1.15150086021506,28.7491443010753,1.45209053763441,31.3527356989247,0.37894,NA,28.5885,30.9698333333333,29.7
-1.15570402867384,28.7423174767025,1.44761568458782,31.3456371899642,0.382944,NA,28.6513333333333,30.9565,29.7191666666667
-1.15990719713262,28.7354906523297,1.44314083154122,31.3385386810036,0.386948,NA,28.6823333333333,30.8903333333333,29.7375
-1.1641103655914,28.728663827957,1.43866597849463,31.331440172043,0.390952,NA,28.6651666666667,30.8066666666667,29.7541666666667
-1.16831353405018,28.7218370035842,1.43419112544803,31.3243416630824,0.394956,NA,28.5823333333333,30.817,29.7508333333333
-1.17251670250896,28.7150101792115,1.42971627240144,31.3172431541219,0.39896,NA,28.5186666666667,30.9355,29.81
-1.17671987096774,28.7081833548387,1.42524141935484,31.3101446451613,0.402964,NA,28.4296666666667,31.0093333333333,29.7833333333333
-1.18092303942652,28.7013565304659,1.42076656630825,31.3030461362007,0.406968,NA,28.3973333333333,31.0171666666667,29.68
-1.1851262078853,28.6945297060932,1.41629171326165,31.2959476272401,0.410972,NA,28.3558333333333,30.9686666666667,29.695
-1.18932937634409,28.6877028817204,1.41181686021506,31.2888491182796,0.414976,NA,28.2776666666667,30.9218333333333,29.7916666666667
-1.19353254480287,28.6808760573477,1.40734200716846,31.281750609319,0.41898,NA,28.2295,30.863,29.8075
-1.19773571326165,28.6740492329749,1.40286715412187,31.2746521003584,0.422984,NA,28.1665,30.8181666666667,29.8766666666667
-1.20193888172043,28.6672224086022,1.39839230107527,31.2675535913978,0.426988,NA,28.1325,30.7311666666667,29.9366666666667
-1.20614205017921,28.6603955842294,1.39391744802868,31.2604550824373,0.430992,NA,28.0961666666667,30.7701666666667,29.9116666666667
-1.21034521863799,28.6535687598566,1.38944259498208,31.2533565734767,0.434996,NA,28.1348333333333,30.8075,29.8966666666667
-1.21454838709677,28.6467419354839,1.38496774193549,31.2462580645161,0.439,NA,28.1543333333333,30.8406666666667,29.8716666666667
-1.21663321540062,28.6226747970864,1.42217531737773,31.2614833298647,0.443970322580645,NA,28.1738333333333,30.8101666666667,29.8041666666667
-1.21871804370447,28.5986076586889,1.45938289281998,31.2767085952133,0.44894064516129,NA,28.1663333333333,30.8765,29.815
-1.22080287200832,28.5745405202914,1.49659046826223,31.2919338605619,0.453910967741936,NA,28.2428333333333,30.99,29.8225
-1.22288770031217,28.5504733818939,1.53379804370448,31.3071591259105,0.458881290322581,NA,28.35,30.9985,29.7783333333333
-1.22497252861602,28.5264062434964,1.57100561914672,31.3223843912591,0.463851612903226,NA,28.3838333333333,31.0253333333333,29.69
-1.22705735691987,28.5023391050989,1.60821319458897,31.3376096566077,0.468821935483871,NA,28.3161666666667,31.0583333333333,29.6058333333333
-1.22914218522372,28.4782719667014,1.64542077003122,31.3528349219563,0.473792258064516,NA,28.2731666666667,31.2106666666667,29.6066666666667
-1.23122701352757,28.4542048283039,1.68262834547347,31.3680601873049,0.478762580645161,NA,28.2351666666667,31.2951666666667,29.6691666666667
-1.23331184183142,28.4301376899063,1.71983592091572,31.3832854526535,0.483732903225807,NA,28.1643333333333,31.3656666666667,29.7541666666667
-1.23539667013527,28.4060705515088,1.75704349635796,31.3985107180021,0.488703225806452,NA,28.1326666666667,31.4113333333333,29.8366666666667
-1.23748149843912,28.3820034131113,1.79425107180021,31.4137359833507,0.493673548387097,NA,28.0908333333333,31.3868333333333,29.9075
-1.23956632674297,28.3579362747138,1.83145864724246,31.4289612486993,0.498643870967742,NA,28.1453333333333,31.2863333333333,29.8608333333333
-1.24165115504682,28.3338691363163,1.86866622268471,31.4441865140479,0.503614193548387,NA,28.1778333333333,31.2023333333333,29.77
-1.24373598335068,28.3098019979188,1.90587379812695,31.4594117793965,0.508584516129033,NA,28.1378333333333,31.2278333333333,29.8033333333333
-1.24582081165453,28.2857348595213,1.9430813735692,31.4746370447451,0.513554838709678,NA,28.0575,31.1998333333333,29.82
-1.24790563995838,28.2616677211238,1.98028894901145,31.4898623100937,0.518525161290323,NA,27.8225,31.1805,29.7958333333333
-1.24999046826223,28.2376005827263,2.0174965244537,31.5050875754422,0.523495483870968,NA,27.633,31.1551666666667,29.7583333333333
-1.25207529656608,28.2135334443288,2.05470409989594,31.5203128407908,0.528465806451613,NA,27.4963333333333,31.0951666666667,29.7858333333333
-1.25416012486993,28.1894663059313,2.09191167533819,31.5355381061394,0.533436129032258,NA,27.4633333333333,31.0075,29.7691666666667
-1.25624495317378,28.1653991675338,2.12911925078044,31.550763371488,0.538406451612904,NA,27.575,30.9285,29.695
-1.25832978147763,28.1413320291363,2.16632682622269,31.5659886368366,0.543376774193549,NA,27.879,30.9266666666667,29.6316666666667
-1.26041460978148,28.1172648907388,2.20353440166493,31.5812139021852,0.548347096774194,NA,28.0441666666667,30.9735,29.59
-1.26249943808533,28.0931977523413,2.24074197710718,31.5964391675338,0.553317419354839,NA,28.0273333333333,30.9708333333333,29.4891666666667
-1.26458426638918,28.0691306139438,2.27794955254943,31.6116644328824,0.558287741935484,NA,27.9801666666667,30.9808333333333,29.4758333333333
-1.26666909469303,28.0450634755463,2.31515712799168,31.626889698231,0.563258064516129,NA,27.9383333333333,30.9223333333333,29.4666666666667
-1.26875392299688,28.0209963371488,2.35236470343392,31.6421149635796,0.568228387096775,NA,27.881,30.9148333333333,29.3475
-1.27083875130073,27.9969291987513,2.38957227887617,31.6573402289282,0.57319870967742,NA,27.8065,30.905,29.2966666666667
-1.27292357960458,27.9728620603538,2.42677985431842,31.6725654942768,0.578169032258065,NA,27.7583333333333,30.9068333333333,29.2566666666667
-1.27500840790843,27.9487949219563,2.46398742976067,31.6877907596254,0.58313935483871,NA,27.673,30.9645,29.1991666666667
-1.27709323621228,27.9247277835588,2.50119500520291,31.703016024974,0.588109677419355,NA,27.5956666666667,31.0071666666667,29.1866666666667
-1.27917806451613,27.9006606451613,2.53840258064516,31.7182412903226,0.59308,NA,27.409,31.1126666666667,29.1983333333333
-1.27477275060701,27.806818473812,2.52365475546306,31.6052459798821,0.59377806451613,NA,27.2246666666667,31.1225,29.1691666666667
-1.27036743669788,27.7129763024627,2.50890693028096,31.4922506694416,0.594476129032259,NA,27.0398333333333,31.0491666666667,29.055
-1.26596212278876,27.6191341311134,2.49415910509886,31.379255359001,0.595174193548388,NA,26.9443333333333,30.9885,28.9308333333333
-1.26155680887964,27.5252919597641,2.47941127991675,31.2662600485605,0.595872258064517,NA,26.9521666666667,30.9281666666667,28.8491666666667
-1.25715149497052,27.4314497884148,2.46466345473465,31.15326473812,0.596570322580646,NA,26.9225,30.7393333333333,28.7833333333333
-1.25274618106139,27.3376076170656,2.44991562955255,31.0402694276795,0.597268387096775,NA,26.8616666666667,30.5803333333333,28.6966666666667
-1.24834086715227,27.2437654457163,2.43516780437045,30.927274117239,0.597966451612904,NA,26.7601666666667,30.419,28.5225
-1.24393555324315,27.149923274367,2.42041997918835,30.8142788067985,0.598664516129033,NA,26.6436666666667,30.2821666666667,28.3308333333333
-1.23953023933403,27.0560811030177,2.40567215400624,30.701283496358,0.599362580645162,NA,26.6025,30.0253333333333,28.2291666666667
-1.2351249254249,26.9622389316684,2.39092432882414,30.5882881859174,0.600060645161291,NA,26.5746666666667,29.7285,28.1541666666667
-1.23071961151578,26.8683967603191,2.37617650364204,30.4752928754769,0.60075870967742,NA,26.3983333333333,29.4246666666667,28.1258333333333
-1.22631429760666,26.7745545889698,2.36142867845994,30.3622975650364,0.601456774193549,NA,26.2665,29.2926666666667,28.0575
-1.22190898369754,26.6807124176205,2.34668085327784,30.2493022545959,0.602154838709679,NA,26.2671666666667,29.2385,27.995
-1.21750366978841,26.5868702462712,2.33193302809573,30.1363069441554,0.602852903225808,NA,26.294,29.1896666666667,27.9533333333333
-1.21309835587929,26.493028074922,2.31718520291363,30.0233116337149,0.603550967741937,NA,26.2783333333333,29.1058333333333,27.9316666666667
-1.20869304197017,26.3991859035727,2.30243737773153,29.9103163232744,0.604249032258066,NA,26.3018333333333,29.002,27.8333333333333
-1.20428772806105,26.3053437322234,2.28768955254943,29.7973210128339,0.604947096774195,NA,26.1766666666667,28.8553333333333,27.7458333333333
-1.19988241415192,26.2115015608741,2.27294172736733,29.6843257023933,0.605645161290324,NA,26.0853333333333,28.696,27.6208333333333
-1.1954771002428,26.1176593895248,2.25819390218523,29.5713303919528,0.606343225806453,NA,25.9441666666667,28.5941666666667,27.4183333333333
-1.19107178633368,26.0238172181755,2.24344607700312,29.4583350815123,0.607041290322582,NA,25.7105,28.4941666666667,27.2858333333333
-1.18666647242456,25.9299750468262,2.22869825182102,29.3453397710718,0.607739354838711,NA,25.4543333333333,28.3776666666667,27.2358333333333
-1.18226115851543,25.8361328754769,2.21395042663892,29.2323444606313,0.60843741935484,NA,25.2613333333333,28.2908333333333,27.2783333333333
-1.17785584460631,25.7422907041276,2.19920260145682,29.1193491501908,0.609135483870969,NA,25.1701666666667,28.1685,27.275
-1.17345053069719,25.6484485327784,2.18445477627472,29.0063538397503,0.609833548387098,NA,25.2063333333333,28.0711666666667,27.1175
-1.16904521678807,25.5546063614291,2.16970695109261,28.8933585293097,0.610531612903227,NA,25.332,27.9853333333333,26.9691666666667
-1.16463990287895,25.4607641900798,2.15495912591051,28.7803632188692,0.611229677419357,NA,25.1308333333333,27.8831666666667,26.8691666666667
-1.16023458896982,25.3669220187305,2.14021130072841,28.6673679084287,0.611927741935486,NA,24.9958333333333,27.8738333333333,26.6841666666667
-1.1558292750607,25.2730798473812,2.12546347554631,28.5543725979882,0.612625806451615,NA,24.8963333333333,27.824,26.5191666666667
-1.15142396115158,25.1792376760319,2.11071565036421,28.4413772875477,0.613323870967744,NA,24.894,27.7646666666667,26.4058333333333
-1.14701864724246,25.0853955046826,2.0959678251821,28.3283819771072,0.614021935483873,NA,24.7008333333333,27.636,26.2708333333333
-1.14261333333333,24.9915533333333,2.08122,28.2153866666667,0.614720000000002,NA,24.3768333333333,27.6006666666667,26.1341666666667
-1.12270925448029,24.8428722867383,2.06646404301075,28.0320455842294,0.613842000000002,NA,24.4656666666667,27.61,26.07
-1.10280517562724,24.6941912401434,2.05170808602151,27.8487045017921,0.612964000000002,NA,24.4616666666667,27.5933333333333,25.935
-1.08290109677419,24.5455101935484,2.03695212903226,27.6653634193548,0.612086000000001,NA,24.331,27.5423333333333,25.7425
-1.06299701792115,24.3968291469534,2.02219617204301,27.4820223369176,0.611208000000001,NA,24.1935,27.5126666666667,25.5541666666667
-1.0430929390681,24.2481481003584,2.00744021505376,27.2986812544803,0.610330000000001,NA,23.9368333333333,27.4446666666667,25.4225
-1.02318886021505,24.0994670537634,1.99268425806452,27.115340172043,0.609452000000001,NA,23.7631666666667,27.2743333333333,25.26
-1.00328478136201,23.9507860071685,1.97792830107527,26.9319990896057,0.608574000000001,NA,23.615,27.0393333333333,25.0266666666667
-0.983380702508961,23.8021049605735,1.96317234408602,26.7486580071685,0.607696000000001,NA,23.5406666666667,26.8235,25
-0.963476623655914,23.6534239139785,1.94841638709677,26.5653169247312,0.606818000000001,NA,23.4976666666667,26.6831666666667,24.8541666666667
-0.943572544802868,23.5047428673835,1.93366043010753,26.3819758422939,0.60594,NA,23.5151666666667,26.4811666666667,24.6925
-0.923668465949821,23.3560618207885,1.91890447311828,26.1986347598566,0.605062,NA,23.3958333333333,26.3575,24.6133333333333
-0.903764387096775,23.2073807741935,1.90414851612903,26.0152936774194,0.604184,NA,23.3866666666667,26.0373333333333,24.4791666666667
-0.883860308243728,23.0586997275986,1.88939255913979,25.8319525949821,0.603306,NA,23.3406666666667,25.8385,24.4066666666667
-0.863956229390682,22.9100186810036,1.87463660215054,25.6486115125448,0.602428,NA,23.155,25.7213333333333,24.2216666666667
-0.844052150537635,22.7613376344086,1.85988064516129,25.4652704301075,0.60155,NA,23.0181666666667,25.5186666666667,24.0408333333333
-0.824148071684589,22.6126565878136,1.84512468817204,25.2819293476702,0.600671999999999,NA,22.7615,25.2385,23.8708333333333
-0.804243992831542,22.4639755412186,1.8303687311828,25.098588265233,0.599793999999999,NA,22.524,25.0588333333333,23.7133333333333
-0.784339913978496,22.3152944946237,1.81561277419355,24.9152471827957,0.598915999999999,NA,22.131,24.7743333333333,23.4975
-0.764435835125449,22.1666134480287,1.8008568172043,24.7319061003584,0.598037999999999,NA,21.8206666666667,24.5706666666667,23.4175
-0.744531756272403,22.0179324014337,1.78610086021505,24.5485650179211,0.597159999999999,NA,21.5413333333333,24.3828333333333,23.0358333333333
-0.724627677419356,21.8692513548387,1.77134490322581,24.3652239354839,0.596281999999999,NA,21.4066666666667,24.3088333333333,22.8841666666667
-0.70472359856631,21.7205703082437,1.75658894623656,24.1818828530466,0.595403999999998,NA,21.328,24.0475,22.7041666666667
-0.684819519713263,21.5718892616487,1.74183298924731,23.9985417706093,0.594525999999998,NA,21.0143333333333,23.941,22.525
-0.664915440860216,21.4232082150538,1.72707703225806,23.815200688172,0.593647999999998,NA,20.876,23.7603333333333,22.4316666666667
-0.64501136200717,21.2745271684588,1.71232107526882,23.6318596057348,0.592769999999998,NA,20.7893333333333,23.483,22.3725
-0.625107283154123,21.1258461218638,1.69756511827957,23.4485185232975,0.591891999999998,NA,20.7075,23.3951666666667,22.115
-0.605203204301077,20.9771650752688,1.68280916129032,23.2651774408602,0.591013999999998,NA,20.4861666666667,23.0958333333333,21.8566666666667
-0.58529912544803,20.8284840286738,1.66805320430107,23.0818363584229,0.590135999999998,NA,20.36,22.7705,21.585
-0.565395046594984,20.6798029820789,1.65329724731183,22.8984952759857,0.589257999999997,NA,20.283,22.5881666666667,21.4016666666667
-0.545490967741937,20.5311219354839,1.63854129032258,22.7151541935484,0.588379999999997,NA,20.0425,22.3275,21.1975
-0.582923517169617,20.2929653139091,1.66480662504336,22.5406954561221,0.588419354838707,NA,19.7538333333333,21.9478333333333,20.9308333333333
-0.620356066597296,20.0548086923344,1.69107195976413,22.3662367186958,0.588458709677417,NA,19.4803333333333,21.6826666666667,20.62
-0.657788616024976,19.8166520707596,1.71733729448491,22.1917779812695,0.588498064516126,NA,19.1345,21.5316666666667,20.3716666666667
-0.695221165452655,19.5784954491849,1.74360262920569,22.0173192438432,0.588537419354836,NA,18.7365,21.4433333333333,20.1891666666667
-0.732653714880334,19.3403388276101,1.76986796392646,21.8428605064169,0.588576774193546,NA,18.4421666666667,21.373,20.0983333333333
-0.770086264308014,19.1021822060354,1.79613329864724,21.6684017689906,0.588616129032255,NA,18.1265,21.163,19.9308333333333
-0.807518813735693,18.8640255844606,1.82239863336802,21.4939430315643,0.588655483870965,NA,17.8551666666667,20.9475,19.7841666666667
-0.844951363163373,18.6258689628859,1.84866396808879,21.3194842941381,0.588694838709675,NA,17.7533333333333,20.789,19.56
-0.882383912591052,18.3877123413111,1.87492930280957,21.1450255567118,0.588734193548384,NA,17.3796666666667,20.55,19.3641666666667
-0.919816462018732,18.1495557197364,1.90119463753035,20.9705668192855,0.588773548387094,NA,17.318,20.3645,19.1266666666667
-0.957249011446411,17.9113990981616,1.92745997225113,20.7961080818592,0.588812903225804,NA,17.231,20.1861666666667,18.8883333333333
-0.99468156087409,17.6732424765869,1.9537253069719,20.6216493444329,0.588852258064513,NA,16.929,19.8423333333333,18.6358333333333
-1.03211411030177,17.4350858550121,1.97999064169268,20.4471906070066,0.588891612903223,NA,16.6963333333333,19.7606666666667,18.37
-1.06954665972945,17.1969292334374,2.00625597641346,20.2727318695803,0.588930967741933,NA,16.568,19.8341666666667,18.1183333333333
-1.10697920915713,16.9587726118626,2.03252131113423,20.098273132154,0.588970322580642,NA,16.2358333333333,19.7951666666667,17.8891666666667
-1.14441175858481,16.7206159902879,2.05878664585501,19.9238143947277,0.589009677419352,NA,15.9831666666667,19.5203333333333,17.6841666666667
-1.18184430801249,16.4824593687131,2.08505198057579,19.7493556573014,0.589049032258062,NA,15.7428333333333,19.2416666666667,17.4166666666667
-1.21927685744017,16.2443027471384,2.11131731529656,19.5748969198751,0.589088387096771,NA,15.4453333333333,19.0436666666667,17.2783333333333
-1.25670940686785,16.0061461255636,2.13758265001734,19.4004381824488,0.589127741935481,NA,15.2385,18.8668333333333,17.0833333333333
-1.29414195629553,15.7679895039889,2.16384798473812,19.2259794450225,0.589167096774191,NA,15.0568333333333,18.64,16.8366666666667
-1.33157450572321,15.5298328824142,2.1901133194589,19.0515207075963,0.5892064516129,NA,14.8371666666667,18.384,16.595
-1.36900705515088,15.2916762608394,2.21637865417967,18.87706197017,0.58924580645161,NA,14.6656666666667,18.1915,16.5775
-1.40643960457856,15.0535196392647,2.24264398890045,18.7026032327437,0.58928516129032,NA,14.5081666666667,18.0636666666667,16.3125
-1.44387215400624,14.8153630176899,2.26890932362123,18.5281444953174,0.589324516129029,NA,14.2248333333333,17.8305,16.1558333333333
-1.48130470343392,14.5772063961152,2.295174658342,18.3536857578911,0.589363870967739,NA,13.8875,17.56,16.0791666666667
-1.5187372528616,14.3390497745404,2.32143999306278,18.1792270204648,0.589403225806449,NA,13.6193333333333,17.391,15.7933333333333
-1.55616980228928,14.1008931529657,2.34770532778356,18.0047682830385,0.589442580645159,NA,13.3343333333333,17.5056666666667,15.4083333333333
-1.59360235171696,13.8627365313909,2.37397066250433,17.8303095456122,0.589481935483868,NA,13.023,17.5408333333333,15.1791666666667
-1.63103490114464,13.6245799098162,2.40023599722511,17.6558508081859,0.589521290322578,NA,12.682,17.356,15.0966666666667
-1.66846745057232,13.3864232882414,2.42650133194589,17.4813920707596,0.589560645161288,NA,12.5258333333333,17.1248333333333,14.9058333333333
-1.7059,13.1482666666667,2.45276666666667,17.3069333333333,0.589599999999997,NA,12.5586666666667,16.7173333333333,14.8541666666667
-1.69112950537634,13.0134627885305,2.43333967025089,17.1379319641577,0.589541999999997,NA,12.4018333333333,16.4433333333333,14.6866666666667
-1.67635901075269,12.8786589103943,2.41391267383512,16.9689305949821,0.589483999999997,NA,12.3831666666667,16.4186666666667,14.4433333333333
-1.66158851612903,12.7438550322581,2.39448567741935,16.7999292258065,0.589425999999997,NA,12.3883333333333,16.1806666666667,14.2408333333333
-1.64681802150538,12.6090511541219,2.37505868100358,16.6309278566308,0.589367999999997,NA,12.2781666666667,15.9191666666667,13.9325
-1.63204752688172,12.4742472759857,2.35563168458781,16.4619264874552,0.589309999999998,NA,11.9951666666667,15.931,13.6833333333333
-1.61727703225806,12.3394433978495,2.33620468817204,16.2929251182796,0.589251999999998,NA,11.792,15.8023333333333,13.4766666666667
-1.60250653763441,12.2046395197133,2.31677769175627,16.1239237491039,0.589193999999998,NA,11.7355,15.7428333333333,13.2791666666667
-1.58773604301075,12.0698356415771,2.2973506953405,15.9549223799283,0.589135999999998,NA,11.7145,15.6201666666667,13.1866666666667
-1.5729655483871,11.9350317634409,2.27792369892473,15.7859210107527,0.589077999999998,NA,11.6345,15.3291666666667,13.0933333333333
-1.55819505376344,11.8002278853047,2.25849670250896,15.6169196415771,0.589019999999998,NA,11.3185,14.8395,13.0591666666667
-1.54342455913978,11.6654240071685,2.23906970609319,15.4479182724014,0.588961999999998,NA,11.1548333333333,14.6288333333333,12.9625
-1.52865406451613,11.5306201290323,2.21964270967742,15.2789169032258,0.588903999999998,NA,11.2158333333333,14.2528333333333,12.7025
-1.51388356989247,11.3958162508961,2.20021571326165,15.1099155340502,0.588845999999998,NA,11.0955,14.2395,12.6625
-1.49911307526882,11.2610123727599,2.18078871684588,14.9409141648746,0.588787999999998,NA,10.8573333333333,14.2596666666667,12.3891666666667
-1.48434258064516,11.1262084946237,2.16136172043011,14.7719127956989,0.588729999999998,NA,10.6853333333333,14.2365,12.27
-1.46957208602151,10.9914046164875,2.14193472401434,14.6029114265233,0.588671999999998,NA,10.4931666666667,14.102,11.9483333333333
-1.45480159139785,10.8566007383513,2.12250772759857,14.4339100573477,0.588613999999998,NA,10.4688333333333,13.946,11.7733333333333
-1.44003109677419,10.7217968602151,2.1030807311828,14.264908688172,0.588555999999998,NA,10.444,13.727,11.5691666666667
-1.42526060215054,10.5869929820789,2.08365373476702,14.0959073189964,0.588497999999998,NA,10.3858333333333,13.4743333333333,11.4775
-1.41049010752688,10.4521891039427,2.06422673835125,13.9269059498208,0.588439999999999,NA,10.2823333333333,13.1493333333333,11.3316666666667
-1.39571961290323,10.3173852258065,2.04479974193548,13.7579045806452,0.588381999999999,NA,10.0468333333333,12.9061666666667,11.2191666666667
-1.38094911827957,10.1825813476703,2.02537274551971,13.5889032114695,0.588323999999999,NA,9.9835,12.723,11.1133333333333
-1.36617862365591,10.0477774695341,2.00594574910394,13.4199018422939,0.588265999999999,NA,9.96183333333333,12.6563333333333,10.98
-1.35140812903226,9.91297359139785,1.98651875268817,13.2509004731183,0.588207999999999,NA,9.7545,12.6303333333333,10.8008333333333
-1.3366376344086,9.77816971326165,1.9670917562724,13.0818991039427,0.588149999999999,NA,9.44516666666667,12.5236666666667,10.6675
-1.32186713978495,9.64336583512545,1.94766475985663,12.912897734767,0.588091999999999,NA,9.17833333333333,12.2663333333333,10.6033333333333
-1.30709664516129,9.50856195698925,1.92823776344086,12.7438963655914,0.588033999999999,NA,8.9815,12.3526666666667,10.4225
-1.29232615053763,9.37375807885305,1.90881076702509,12.5748949964158,0.587975999999999,NA,8.9,12.2293333333333,10.5583333333333
-1.27755565591398,9.23895420071685,1.88938377060932,12.4058936272401,0.587917999999999,NA,8.66216666666667,12.1073333333333,10.4166666666667
-1.26278516129032,9.10415032258065,1.86995677419355,12.2368922580645,0.587859999999999,NA,8.52566666666667,12.0365,10.3166666666667
-1.2626498855359,9.10059152965661,1.87640318418314,12.2396445993757,0.583505161290322,NA,8.63266666666667,11.773,10.3325
-1.26251460978148,9.09703273673257,1.88284959417274,12.2423969406868,0.579150322580644,NA,8.54233333333333,11.557,10.2183333333333
-1.26237933402705,9.09347394380853,1.88929600416233,12.2451492819979,0.574795483870967,NA,8.5905,11.4193333333333,9.96416666666667
-1.26224405827263,9.0899151508845,1.89574241415193,12.2479016233091,0.57044064516129,NA,8.323,11.4356666666667,9.77083333333333
-1.26210878251821,9.08635635796046,1.90218882414152,12.2506539646202,0.566085806451612,NA,8.28633333333333,11.5503333333333,9.80416666666667
-1.26197350676379,9.08279756503642,1.90863523413111,12.2534063059313,0.561730967741935,NA,8.45883333333333,11.5346666666667,9.73666666666667
-1.26183823100936,9.07923877211238,1.91508164412071,12.2561586472425,0.557376129032258,NA,8.33583333333333,11.3981666666667,9.52083333333333
-1.26170295525494,9.07567997918835,1.9215280541103,12.2589109885536,0.55302129032258,NA,8.095,11.2786666666667,9.39
-1.26156767950052,9.07212118626431,1.9279744640999,12.2616633298647,0.548666451612903,NA,8.24183333333333,11.5075,9.51833333333333
-1.2614324037461,9.06856239334027,1.93442087408949,12.2644156711759,0.544311612903226,NA,8.1765,11.4248333333333,9.54916666666667
-1.26129712799167,9.06500360041623,1.94086728407908,12.267168012487,0.539956774193548,NA,8.12883333333333,11.3536666666667,9.5175
-1.26116185223725,9.0614448074922,1.94731369406868,12.2699203537981,0.535601935483871,NA,8.13066666666667,11.2216666666667,9.43666666666667
-1.26102657648283,9.05788601456816,1.95376010405827,12.2726726951093,0.531247096774194,NA,8.05683333333333,11.1981666666667,9.56833333333333
-1.26089130072841,9.05432722164412,1.96020651404787,12.2754250364204,0.526892258064516,NA,7.9225,11.1056666666667,9.66416666666667
-1.26075602497398,9.05076842872008,1.96665292403746,12.2781773777315,0.522537419354839,NA,7.83233333333333,10.9795,9.64583333333333
-1.26062074921956,9.04720963579605,1.97309933402706,12.2809297190427,0.518182580645161,NA,7.84966666666667,11.0265,9.6325
-1.26048547346514,9.04365084287201,1.97954574401665,12.2836820603538,0.513827741935484,NA,7.863,11.0773333333333,9.57166666666667
-1.26035019771072,9.04009204994797,1.98599215400624,12.2864344016649,0.509472903225807,NA,7.86366666666667,11.027,9.3025
-1.26021492195629,9.03653325702393,1.99243856399584,12.2891867429761,0.505118064516129,NA,7.64833333333333,11.1823333333333,9.295
-1.26007964620187,9.0329744640999,1.99888497398543,12.2919390842872,0.500763225806452,NA,7.54266666666667,11.4545,9.38666666666667
