"NearFut.VWC.Intermediate.Diffs.10","NearFut.VWC.Intermediate.mean.10","NearFut.VWC.Intermediate.Diffs.90","NearFut.VWC.Intermediate.mean.90","VWC.Intermediate_rollmean.10","VWC.Intermediate_rollmean.90","VWC.Intermediate_rollmean.med","NearFut.VWC.Intermediate.Diffs.Med","NearFut.VWC.Intermediate.mean.med"
NA,NA,NA,NA,0.0465657923017071,0.0533711913945868,0.0474090994354118,NA,NA
NA,NA,NA,NA,0.0465566563028065,0.053414330714095,0.0474094246815517,NA,NA
NA,NA,NA,NA,0.0465645933189165,0.0534490021071812,0.0474091236986202,NA,NA
NA,NA,NA,NA,0.0465949154569881,0.0525171581654932,0.0474114295136674,NA,NA
NA,NA,NA,NA,0.046572136428198,0.0531452228797413,0.0474091560858639,NA,NA
NA,NA,NA,NA,0.0466628841853334,0.0535158774960927,0.0475443074251098,NA,NA
NA,NA,NA,NA,0.0466831890914665,0.0535320706346189,0.0476090986920079,NA,NA
NA,NA,NA,NA,0.0466895976841158,0.0540239483277183,0.0476202518706154,NA,NA
NA,NA,NA,NA,0.046675998424533,0.0540239991925505,0.0476194671754879,NA,NA
NA,NA,NA,NA,0.0466520590659772,0.0551831979861915,0.0475173611140826,NA,NA
NA,NA,NA,NA,0.046621058306444,0.0571802471839694,0.0478883571602225,NA,NA
NA,NA,NA,NA,0.0465908443348792,0.0565221152015374,0.0478883540679389,NA,NA
NA,NA,NA,NA,0.0465698571774787,0.0558986297880438,0.0481340410279514,NA,NA
NA,NA,NA,NA,0.0465676763056598,0.0553984241273845,0.0480280395665905,NA,NA
NA,NA,NA,NA,0.0465648889500859,0.0554189052983604,0.0479831593098639,NA,NA
NA,NA,NA,NA,0.0465552974422268,0.0576763507903615,0.0479481372958561,NA,NA
NA,NA,NA,NA,0.0465503197632331,0.0597231592790309,0.0481046451310634,NA,NA
NA,NA,NA,NA,0.0465493768331283,0.0621863139453769,0.0479025555991009,NA,NA
NA,NA,NA,NA,0.0465479411261488,0.064463759878978,0.0479750543931269,NA,NA
NA,NA,NA,NA,0.0465477468181392,0.06586536013676,0.0479553514995634,NA,NA
NA,NA,NA,NA,0.0465475427339,0.0665229856132092,0.047680280540931,NA,NA
NA,NA,NA,NA,0.0465473289544526,0.0671330367301542,0.0475584812711261,NA,NA
NA,NA,NA,NA,0.0465471044592927,0.0676119670965869,0.0474366779595638,NA,NA
NA,NA,NA,NA,0.0465468704522915,0.067902149293867,0.0477577919185057,NA,NA
NA,NA,NA,NA,0.046546627019695,0.0680147865725423,0.0480280248047798,NA,NA
NA,NA,NA,NA,0.0465463753475913,0.0680706286080724,0.0478412136088306,NA,NA
NA,NA,NA,NA,0.0465467160055878,0.0681201734776747,0.0476311444823015,NA,NA
NA,NA,NA,NA,0.0465464646550046,0.0681643711581032,0.0476015670508913,NA,NA
NA,NA,NA,NA,0.0465462042117788,0.0682023389750867,0.0475329611355682,NA,NA
NA,NA,NA,NA,0.0465459347477004,0.0682359093705669,0.0474817463252296,NA,NA
NA,NA,NA,NA,0.0466630631619912,0.0682640286682152,0.0480439100889431,NA,NA
NA,NA,NA,NA,0.046753863793249,0.0682882200716109,0.0484459654748943,NA,NA
NA,NA,NA,NA,0.046730054378182,0.068310755998938,0.0484957886429369,NA,NA
NA,NA,NA,NA,0.0466984969652101,0.0684833065280545,0.0478296694366818,NA,NA
NA,NA,NA,NA,0.0466694223042498,0.0686905325217495,0.0474342957208837,NA,NA
NA,NA,NA,NA,0.0466486387493008,0.0678054113217534,0.047456816831179,NA,NA
NA,NA,NA,NA,0.046748038733233,0.0669489123268149,0.0478112667314642,NA,NA
NA,NA,NA,NA,0.0468065937263166,0.0649577739470325,0.0478299787629319,NA,NA
NA,NA,NA,NA,0.0468868347089234,0.0625436443123379,0.0478454938536758,NA,NA
NA,NA,NA,NA,0.0468788487991476,0.0603130519487108,0.0478582462987693,NA,NA
NA,NA,NA,NA,0.0468112930794659,0.0604381403732418,0.0478685734810701,NA,NA
NA,NA,NA,NA,0.0467713088570854,0.0607577135411594,0.0478767288830138,NA,NA
NA,NA,NA,NA,0.0468512003940306,0.0606268007949305,0.0478835065621931,NA,NA
NA,NA,NA,NA,0.0469287420371525,0.0606493632520971,0.047888941830779,NA,NA
NA,NA,NA,NA,0.0469455626669175,0.0606049635975065,0.0479913568972186,NA,NA
NA,NA,NA,NA,0.0469617372149982,0.0602250629361282,0.0476333295937433,NA,NA
NA,NA,NA,NA,0.0469770116657081,0.0591502815407838,0.0475570301095005,NA,NA
NA,NA,NA,NA,0.0468874199350479,0.0589838367068137,0.0475780788384929,NA,NA
NA,NA,NA,NA,0.0467787565833798,0.0592743940913945,0.0476208174709746,NA,NA
NA,NA,NA,NA,0.0467325028058879,0.0600846433674969,0.0475817951786842,NA,NA
NA,NA,NA,NA,0.0468878037421735,0.0603537448352774,0.0475915039409261,NA,NA
NA,NA,NA,NA,0.0467757135214091,0.060556578356974,0.047602124281517,NA,NA
NA,NA,NA,NA,0.0467216992572508,0.0607729715972312,0.0477398319599579,NA,NA
NA,NA,NA,NA,0.0466812727030881,0.0610614167316888,0.0477885569544582,NA,NA
NA,NA,NA,NA,0.0466480514617377,0.0621427357519517,0.0478143207737589,NA,NA
NA,NA,NA,NA,0.0466504462166414,0.0653112736179905,0.0478378815025164,NA,NA
NA,NA,NA,NA,0.0466670203440342,0.0688011641325727,0.0478593941111415,NA,NA
NA,NA,NA,NA,0.0466830055906629,0.0722251205609997,0.0478790203844775,NA,NA
NA,NA,NA,NA,0.046698474271515,0.0755797552923242,0.0478969466823735,NA,NA
NA,NA,NA,NA,0.0467135693788955,0.0788586719652734,0.0479133331297654,NA,NA
NA,NA,NA,NA,0.046728393003048,0.0820579331775321,0.0479283189115811,NA,NA
NA,NA,NA,NA,0.0467418130149144,0.0839970774047079,0.0480334037132039,NA,NA
NA,NA,NA,NA,0.0467491738833839,0.0837676610817604,0.0480718795844826,NA,NA
NA,NA,NA,NA,0.0467130671112746,0.0835872510421231,0.0481919907149299,NA,NA
NA,NA,NA,NA,0.0466820642000118,0.083527623092563,0.0481996552533202,NA,NA
NA,NA,NA,NA,0.0466555788008162,0.0834723877585334,0.0482066410631388,NA,NA
NA,NA,NA,NA,0.0466384724956822,0.082408682645746,0.0482129630474277,NA,NA
NA,NA,NA,NA,0.0466222307272105,0.0853365568773602,0.0480945436842002,NA,NA
NA,NA,NA,NA,0.0466047045270965,0.0889109227726446,0.0480895709132795,NA,NA
NA,NA,NA,NA,0.0465906738523526,0.0924176283462624,0.0481021117760295,NA,NA
NA,NA,NA,NA,0.046579115409497,0.0958604438858894,0.0481162626308479,NA,NA
NA,NA,NA,NA,0.0465697757694304,0.099265726312069,0.0481305931795469,NA,NA
NA,NA,NA,NA,0.0465617511906826,0.100011361445509,0.0480332563505015,NA,NA
NA,NA,NA,NA,0.046556008490148,0.100817912630088,0.0479444777389275,NA,NA
NA,NA,NA,NA,0.0465515082914458,0.101758415275033,0.047910284460113,NA,NA
NA,NA,NA,NA,0.0465484260524115,0.102825463924085,0.0478839054252325,NA,NA
NA,NA,NA,NA,0.0465476912167234,0.105141081772247,0.0478610609104858,NA,NA
NA,NA,NA,NA,0.0465475671036518,0.107658670127525,0.0478411962954722,NA,NA
NA,NA,NA,NA,0.0466302581759447,0.110217825552415,0.0488825877562374,NA,NA
NA,NA,NA,NA,0.0466142938571567,0.112846867417824,0.049039038149088,NA,NA
NA,NA,NA,NA,0.0466200097720937,0.115556742205547,0.0496452986315419,NA,NA
NA,NA,NA,NA,0.0466045100274954,0.118356648432335,0.0515758305131759,NA,NA
NA,NA,NA,NA,0.046589775223217,0.121238458019647,0.0535157149479761,NA,NA
NA,NA,NA,NA,0.0465779201818472,0.12085894742943,0.0554635570307592,NA,NA
NA,NA,NA,NA,0.0465682075485465,0.120584939637326,0.0570098754616484,NA,NA
NA,NA,NA,NA,0.0465597710981248,0.120420328800372,0.0580956277915069,NA,NA
NA,NA,NA,NA,0.046680606604511,0.120367884715302,0.0598168551265497,NA,NA
NA,NA,NA,NA,0.0466660717594634,0.120426597062078,0.0615450149086102,NA,NA
NA,NA,NA,NA,0.0466530540519362,0.119353211297084,0.063278902861844,NA,NA
NA,NA,NA,NA,0.046641220124737,0.118214039886654,0.0650173804977666,NA,NA
NA,NA,NA,NA,0.046630348592568,0.117165432088418,0.0667597125307607,NA,NA
NA,NA,NA,NA,0.0466388681197586,0.116210383689859,0.0685053867698535,NA,NA
NA,NA,NA,NA,0.0466297042611934,0.115349152295554,0.0702536138827375,NA,NA
NA,NA,NA,NA,0.0466378611545277,0.114580834296308,0.0717794329193932,NA,NA
NA,NA,NA,NA,0.046680653387574,0.11390047432542,0.0713167508185786,NA,NA
NA,NA,NA,NA,0.0466702197032327,0.113306713946498,0.0708883733118286,NA,NA
NA,NA,NA,NA,0.0466603934508379,0.114798573566133,0.07049988390346,NA,NA
NA,NA,NA,NA,0.0466513419282758,0.118665953783048,0.0701544106932218,NA,NA
NA,NA,NA,NA,0.0466428097769818,0.122517206454602,0.0698549379699983,NA,NA
NA,NA,NA,NA,0.0466347699938309,0.126352434365526,0.0696043529567173,NA,NA
NA,NA,NA,NA,0.0466272063114221,0.130171315715289,0.0693520174959683,NA,NA
NA,NA,NA,NA,0.0466201787436125,0.133593389788019,0.0717135429754122,NA,NA
NA,NA,NA,NA,0.0466136642471597,0.13521244946356,0.0730097083545522,NA,NA
NA,NA,NA,NA,0.0466128488172245,0.136854232475686,0.0727945554233166,NA,NA
NA,NA,NA,NA,0.0466151897740143,0.138517667513776,0.0725912634525522,NA,NA
NA,NA,NA,NA,0.0466178393153388,0.140200920159221,0.0723997320505616,NA,NA
NA,NA,NA,NA,0.0466208966410838,0.141901364598994,0.0722199833684333,NA,NA
NA,NA,NA,NA,0.0466242916335348,0.143616576433335,0.0720525435646602,NA,NA
NA,NA,NA,NA,0.0466280065803316,0.145342743903551,0.0718965485480407,NA,NA
NA,NA,NA,NA,0.0466318968438632,0.147077708844593,0.0717449293205591,NA,NA
NA,NA,NA,NA,0.0466358775027386,0.148800338865201,0.0732784695101964,NA,NA
NA,NA,NA,NA,0.0466399587030879,0.150510889888079,0.075333335353658,NA,NA
NA,NA,NA,NA,0.0466442006952892,0.152210220591223,0.0755205481184341,NA,NA
NA,NA,NA,NA,0.0466486594658942,0.153899039861548,0.0757395983077144,NA,NA
NA,NA,NA,NA,0.0466530986319568,0.155576822756363,0.0759883447449273,NA,NA
NA,NA,NA,NA,0.046752439627851,0.157243335611182,0.0762642869294381,NA,NA
NA,NA,NA,NA,0.0467488436976838,0.158897821114705,0.0765650004322171,NA,NA
NA,NA,NA,NA,0.0467454048118394,0.160538509431604,0.0768881557272232,NA,NA
NA,NA,NA,NA,0.0467421206566869,0.160118270696315,0.0772240375992205,NA,NA
NA,NA,NA,NA,0.0467389688966606,0.159647763294012,0.0775721728524106,NA,NA
NA,NA,NA,NA,0.0467359327297298,0.159181978030112,0.0779322661257134,NA,NA
NA,NA,NA,NA,0.0467330078379304,0.158721430640393,0.0783037520144419,NA,NA
NA,NA,NA,NA,0.046730195366245,0.158266413338228,0.0786854819761317,NA,NA
NA,NA,NA,NA,0.046727496675903,0.157817164674453,0.0790768543151956,NA,NA
NA,NA,NA,NA,0.0467249116015486,0.157377963588052,0.0794812745787916,NA,NA
NA,NA,NA,NA,0.0467224347682946,0.156948491435856,0.0798983754602664,NA,NA
NA,NA,NA,NA,0.046766784471397,0.156528579310146,0.0803274112813236,NA,NA
NA,NA,NA,NA,0.046833135974981,0.156117853043668,0.0807675092229555,NA,NA
NA,NA,NA,NA,0.0468439409205161,0.155714933094625,0.0812178495199721,NA,NA
NA,NA,NA,NA,0.0468419378879516,0.155319513928207,0.0816776654257904,NA,NA
NA,NA,NA,NA,0.0468400231668653,0.154931703217936,0.0821462123390105,NA,NA
NA,NA,NA,NA,0.0471738934703584,0.154551548670962,0.0826228790805696,NA,NA
NA,NA,NA,NA,0.0472685043304699,0.154178693580287,0.0831071025479582,NA,NA
NA,NA,NA,NA,0.047265792606583,0.156647163222389,0.0835982178521781,NA,NA
NA,NA,NA,NA,0.0472631819066975,0.159840608331886,0.0840957421423651,NA,NA
NA,NA,NA,NA,0.0472606465218916,0.160562803459637,0.0845992529327073,NA,NA
NA,NA,NA,NA,0.0472581762572653,0.160200120177756,0.0849237600275393,NA,NA
NA,NA,NA,NA,0.0472557566285377,0.159837212329849,0.0854013575580793,NA,NA
NA,NA,NA,NA,0.0472533865917889,0.159484189649351,0.0857052648087877,NA,NA
NA,NA,NA,NA,0.0473729790533842,0.15962972720313,0.0859994885549666,NA,NA
NA,NA,NA,NA,0.047370838950239,0.159788980646765,0.086285290416789,NA,NA
NA,NA,NA,NA,0.0473687289737323,0.159962205005842,0.0865638711137788,NA,NA
NA,NA,NA,NA,0.0473666353228185,0.16014879699307,0.0868363926484796,NA,NA
NA,NA,NA,NA,0.047364553817878,0.160347908435379,0.08710399002303,NA,NA
NA,NA,NA,NA,0.0473720944810424,0.160559138691739,0.0873675940410095,NA,NA
NA,NA,NA,NA,0.0474765992750008,0.16078156785665,0.0876281680123507,NA,NA
NA,NA,NA,NA,0.0475873065458223,0.161014468026185,0.0878866497510968,NA,NA
NA,NA,NA,NA,0.0476650459399957,0.161257190431231,0.0881437780998848,NA,NA
NA,NA,NA,NA,0.0476622838761262,0.161503006583145,0.0884023708658077,NA,NA
NA,NA,NA,NA,0.0476595403403744,0.161751468206101,0.08861643223861,NA,NA
NA,NA,NA,NA,0.0476568137074885,0.161508668469254,0.0888154767338343,NA,NA
NA,NA,NA,NA,0.0476541027176321,0.161135442792061,0.089000224511963,NA,NA
NA,NA,NA,NA,0.047651406293115,0.160759716359983,0.0891718267398599,NA,NA
NA,NA,NA,NA,0.0476487229138216,0.160381891919845,0.0893314097675012,NA,NA
NA,NA,NA,NA,0.0476460506468968,0.16000233499647,0.0894800215202307,NA,NA
NA,NA,NA,NA,0.0476433879740015,0.159621378886325,0.089618594296084,NA,NA
NA,NA,NA,NA,0.0476407338708213,0.159239327032779,0.0897479345075472,NA,NA
NA,NA,NA,NA,0.0476380859955147,0.158856457054377,0.0898687448895944,NA,NA
NA,NA,NA,NA,0.04763544192477,0.158473026898857,0.0899816452089774,NA,NA
NA,NA,NA,NA,0.047632801259022,0.158089276653208,0.0904956374494548,NA,NA
NA,NA,NA,NA,0.0476301860549888,0.157705458989474,0.0910624872876579,NA,NA
NA,NA,NA,NA,0.047627590715529,0.157321780656864,0.0916249632982287,NA,NA
NA,NA,NA,NA,0.04762501595352,0.156938431747242,0.0921833887861139,NA,NA
NA,NA,NA,NA,0.0477842012192398,0.156555587236241,0.0927381031763121,NA,NA
NA,NA,NA,NA,0.0479618880577788,0.156173397589441,0.0930884813478283,NA,NA
NA,NA,NA,NA,0.0481580697870351,0.155792302898938,0.0932357152576534,NA,NA
NA,NA,NA,NA,0.0483723504273992,0.15606688451318,0.0933719534060394,NA,NA
NA,NA,NA,NA,0.0486037052338471,0.156017164121254,0.0934981297927041,NA,NA
NA,NA,NA,NA,0.0488510452121521,0.155636867260662,0.0936150699070757,NA,NA
NA,NA,NA,NA,0.049113300180558,0.155553772327759,0.0937234929924873,NA,NA
NA,NA,NA,NA,0.0493894581846279,0.155531897580194,0.0938240319879393,NA,NA
NA,NA,NA,NA,0.0494210486717244,0.155523021923266,0.0939172546889584,NA,NA
NA,NA,NA,NA,0.0494357055149442,0.155526182637912,0.0940036607173375,NA,NA
NA,NA,NA,NA,0.0494507795502844,0.155540888841509,0.094083697251554,NA,NA
NA,NA,NA,NA,0.0494662556501142,0.155566567584356,0.0941577647849745,NA,NA
NA,NA,NA,NA,0.0494821304505668,0.155602594309912,0.094226225565839,NA,NA
NA,NA,NA,NA,0.0494984019893863,0.155648338216304,0.0942894113408992,NA,NA
NA,NA,NA,NA,0.0495150679209762,0.155424999652477,0.0943476233107698,NA,NA
NA,NA,NA,NA,0.04953208438157,0.155044610046835,0.0944013478841226,NA,NA
NA,NA,NA,NA,0.0495494465205262,0.154664499434022,0.0944508144031482,NA,NA
NA,NA,NA,NA,0.0509220473084126,0.154447191104285,NA,NA,NA
NA,NA,NA,NA,0.050968428337366,0.154113959370288,NA,NA,NA
NA,NA,NA,NA,0.0510139241303719,0.153781795410973,NA,NA,NA
NA,NA,NA,NA,0.0506397379209281,0.153752587886351,NA,NA,NA
NA,NA,NA,NA,0.0506784662420453,0.153470023952757,NA,NA,NA
NA,NA,NA,NA,0.0507164629517622,0.153189014313546,NA,NA,NA
NA,NA,NA,NA,0.0507537319440707,0.152909569574427,NA,NA,NA
NA,NA,NA,NA,0.0507902873646547,0.152631699001152,NA,NA,NA
NA,NA,NA,NA,0.0508261458895727,0.152355401111179,NA,NA,NA
NA,NA,NA,NA,0.0508613236135268,0.152080674184507,NA,NA,NA
NA,NA,NA,NA,0.0508958360770381,0.151807521963497,NA,NA,NA
NA,NA,NA,NA,0.0509467555352421,0.151608764364556,NA,NA,NA
NA,NA,NA,NA,0.0512970128848806,0.151424879074318,NA,NA,NA
NA,NA,NA,NA,0.0516604885275605,0.151254909868044,NA,NA,NA
NA,NA,NA,NA,0.0526321827396859,0.151297432981495,0.105252920671073,NA,NA
NA,NA,NA,NA,0.0530679876860282,0.153061890507746,0.105245615564616,NA,NA
NA,NA,NA,NA,0.0535155297126962,0.154798462088844,0.105234633339247,NA,NA
NA,NA,NA,NA,0.0540562668585776,0.156487625414747,0.105220180559288,NA,NA
0.015140047526152,0.120533193479486,0.0269767343073664,0.132369880260701,0.0548818616920953,0.156236124520284,0.105202445212814,0.015575114983238,0.120968260936572
0.0149250863691913,0.120353929654303,0.0272768592618258,0.132705702546937,0.0555759799727233,0.155883932297766,0.105181596041695,0.0154207058478412,0.120849549132953
0.0147101252122307,0.120174665829119,0.0275769842162852,0.133041524833174,0.0557680168781884,0.155531979881373,0.105157790743242,0.0152662967124444,0.120730837329333
0.0144951640552701,0.119995402003935,0.0278771091707446,0.13337734711941,0.0559520446487852,0.155180379526742,0.105131174515268,0.0151118875770477,0.120612125525713
0.0142802028983095,0.119816138178752,0.028177234125204,0.133713169405646,0.0561282596909466,0.154829238715106,0.105101881486453,0.0149574784416509,0.120493413722093
0.0140652417413489,0.119636874353568,0.0284773590796634,0.134048991691883,0.0562970141017873,0.154478620003557,0.105070035937539,0.0148030693062541,0.120374701918473
0.0138502805843882,0.119457610528384,0.0287774840341228,0.134384813978119,0.0564587229433404,0.154128576584711,0.105035753350021,0.0146486601708573,0.120255990114853
0.0136353194274276,0.119278346703201,0.0290776089885822,0.134720636264355,0.0566138229299876,0.155592697112964,0.104999141311603,0.0144942510354606,0.120137278311233
0.013420358270467,0.119099082878017,0.0293777339430416,0.135056458550591,0.0567627532920831,0.156920688154192,0.104960300301934,0.0143398419000638,0.120018566507614
0.0132053971135064,0.118919819052833,0.029677858897501,0.135392280836828,0.0569059297854047,0.157225884159956,0.104919324377649,0.014185432764667,0.119899854703994
0.0129904359565457,0.118740555227649,0.0299779838519604,0.135728103123064,0.057043724085339,0.157536015127169,0.104876301772264,0.0140310236292702,0.119781142900374
0.0127754747995851,0.118561291402466,0.0302781088064198,0.1360639254093,0.0571764705402595,0.157850314439187,0.104831315423669,0.0138766144938734,0.119662431096754
0.0125605136426245,0.118382027577282,0.0305782337608792,0.136399747695537,0.0573044712302632,0.15814502481415,0.10478444343976,0.0137222053584767,0.119543719293134
0.0123455524856639,0.118202763752098,0.0308783587153386,0.136735569981773,0.0574523462313141,0.15826255969916,0.104663089877505,0.0135677962230799,0.119425007489514
0.0121305913287032,0.118023499926915,0.031178483669798,0.137071392268009,0.0576141847230331,0.158379645364603,0.104529241507166,0.0134133870876831,0.119306295685894
0.0119156301717426,0.117844236101731,0.0314786086242574,0.137407214554246,0.0577857265874053,0.158495741711009,0.104386228757266,0.0132589779522863,0.119187583882275
0.011700669014782,0.117664972276547,0.0317787335787168,0.137743036840482,0.0579625215704571,0.158610302328375,0.104236078758635,0.0131045688168895,0.119068872078655
0.0114857078578214,0.117485708451363,0.0320788585331762,0.138078859126718,0.05814080654372,0.158722829498224,0.104080072454283,0.0129501596814928,0.118950160275035
0.0112707467008607,0.11730644462618,0.0323789834876356,0.138414681412955,0.058318138482928,0.158832896037167,0.103919034232207,0.012795750546096,0.118831448471415
0.0110557855439001,0.117127180800996,0.032679108442095,0.138750503699191,0.0584929514892786,0.158940421669992,0.10375352406328,0.0126413414106992,0.118712736667795
0.0108408243869395,0.116947916975812,0.0329792333965544,0.139086325985427,0.0586642056437843,0.159045309241519,0.103583837636297,0.0124869322753024,0.118594024864175
0.0106258632299789,0.116768653150629,0.0332793583510138,0.139422148271664,0.0587874439528112,0.159147174342836,0.103410160047523,0.0123325231399057,0.118475313060555
0.0104109020730182,0.116589389325445,0.0335794833054732,0.1397579705579,0.058840006213492,0.159172825768115,0.103915933563695,0.0121781140045089,0.118356601256936
0.0101959409160576,0.116410125500261,0.0338796082599326,0.140093792844136,0.0588904102911284,0.15873405714823,0.104592220328136,0.0120237048691121,0.118237889453316
0.00998097975909699,0.116230861675078,0.034179733214392,0.140429615130373,0.0589385940825743,0.158290409146498,0.105267138301612,0.0118692957337153,0.118119177649696
0.00976601860213637,0.116051597849894,0.0344798581688514,0.140765437416609,0.0589844699036229,0.157842527082278,0.105940209688397,0.0117148865983185,0.118000465846076
0.00955105744517575,0.11587233402471,0.0347799831233108,0.141101259702845,0.0590279656006206,0.157389627043414,0.106611129281246,0.0115604774629218,0.117881754042456
0.00933609628821512,0.115693070199526,0.0350801080777702,0.141437081989082,0.0590689162429352,0.156926055605199,0.107279625180183,0.011406068327525,0.117763042238836
0.00893325336050413,0.115347041679898,0.0350642970969029,0.141478085416297,0.0591071015487089,0.156988737062485,0.107945279119035,0.0110610967309629,0.117474885050357
0.00853041043279315,0.115001013160269,0.0350484861160357,0.141519088843512,0.0591421882969362,0.157427126188471,0.108607483592913,0.0107161251344008,0.117186727861877
0.00812756750508216,0.114654984640641,0.0350326751351684,0.141560092270727,0.0591737940668983,0.157809049932207,0.108972465084403,0.0103711535378387,0.116898570673397
0.00772472457737117,0.114308956121012,0.0350168641543012,0.141601095697942,0.0592015806291979,0.158181207019707,0.108733512163482,0.0100261819412766,0.116610413484918
0.00732188164966018,0.113962927601384,0.0350010531734339,0.141642099125157,0.0592255912259173,0.158277655805498,0.10849051781961,0.00968121034471452,0.116322256296438
0.00691903872194919,0.113616899081755,0.0349852421925667,0.141683102552372,0.0592459311953314,0.158033473731725,0.108243444185133,0.00933623874815243,0.116034099107958
0.00651619579423821,0.113270870562126,0.0349694312116994,0.141724105979588,0.0592625601930818,0.157576830353756,0.107992570444191,0.00899126715159034,0.115745941919479
0.00611335286652722,0.112924842042498,0.0349536202308322,0.141765109406803,0.0592753330319898,0.157113708484636,0.107737637265033,0.00864629555502825,0.115457784730999
0.00571050993881623,0.112578813522869,0.0349378092499649,0.141806112834018,0.0592847031479185,0.156644217476036,0.107478198850808,0.00830132395846615,0.115169627542519
0.00530766701110524,0.112232785003241,0.0349219982690977,0.141847116261233,0.0592904935153543,0.156168800285783,0.107214197723278,0.00795635236190406,0.114881470354039
0.00490482408339425,0.111886756483612,0.0349061872882304,0.141888119688448,0.0592921996941288,0.155687051082315,0.106945235550066,0.00761138076534197,0.11459331316556
0.00450198115568327,0.111540727963983,0.0348903763073632,0.141929123115663,0.0592892915933861,0.155198775420041,0.106744206220437,0.00726640916877988,0.11430515597708
0.00409913822797228,0.111194699444355,0.0348745653264959,0.141970126542879,0.0592813459324854,0.154703546598314,0.107024999307493,0.00692143757221778,0.1140169987886
0.00369629530026129,0.110848670924726,0.0348587543456287,0.142011129970094,0.0592680253143438,0.154201232746737,0.107305365034491,0.00657646597565569,0.113728841600121
0.0032934523725503,0.110502642405098,0.0348429433647614,0.142052133397309,0.0592482611287749,0.15369077723172,0.107583445355632,0.0062314943790936,0.113440684411641
0.00289060944483932,0.110156613885469,0.0348271323838942,0.142093136824524,0.0592112121699493,0.153164344275662,0.107955036871402,0.00588652278253151,0.113152527223161
0.00248776651712833,0.109810585365841,0.0348113214030269,0.142134140251739,0.05915942170266,0.152608741374447,0.108333940353844,0.00554155118596941,0.112864370034682
0.00208492358941734,0.109464556846212,0.0347955104221597,0.142175143678954,0.0590947449634267,0.152052581133606,0.108714774685996,0.00519657958940732,0.112576212846202
0.00168208066170635,0.109118528326583,0.0347796994412924,0.14221614710617,0.0590179821838817,0.151493477274956,0.109093024203602,0.00485160799284523,0.112288055657722
0.00127923773399536,0.108772499806955,0.0347638884604252,0.142257150533385,0.0589282576849667,0.150929310237217,0.109465156787354,0.00450663639628314,0.111999898469243
0.000876394806284375,0.108426471287326,0.0347480774795579,0.1422981539606,0.0588241888833249,0.150357413492547,0.109556081594525,0.00416166479972105,0.111711741280763
0.000473551878573387,0.108080442767698,0.0347322664986907,0.142339157387815,0.0587045749715502,0.149776796027787,0.109283532025226,0.00381669320315895,0.111423584092283
7.07089508624002e-05,0.107734414248069,0.0347164555178234,0.14238016081503,0.0585684257214744,0.150073996399936,0.108993447650906,0.00347172160659686,0.111135426903804
-0.000332133976848588,0.107388385728441,0.0347006445369562,0.142421164242245,0.0584147700501944,0.150369857479442,0.108683392980042,0.00312675001003477,0.110847269715324
-0.000734976904559577,0.107042357208812,0.0346848335560889,0.14246216766946,0.0582444430964386,0.151104109476823,0.108350452061187,0.00278177841347267,0.110559112526844
-0.00113781983227056,0.106696328689183,0.0346690225752217,0.142503171096676,0.0580552614416309,0.15194359582358,0.107993620264955,0.00243680681691058,0.110270955338365
-0.00154066275998155,0.106350300169555,0.0346532115943544,0.142544174523891,0.0578462298847077,0.152272202049887,0.107834130437105,0.00209183522034849,0.109982798149885
-0.00194350568769254,0.106004271649926,0.0346374006134872,0.142585177951106,0.0576180773652943,0.151733230882798,0.107974739786829,0.0017468636237864,0.109694640961405
-0.0020753893363542,0.104827739341187,0.0347225993439169,0.141625728021458,0.0573718983370081,0.152060837356839,0.108087054187479,0.00165331602344042,0.108556444700981
-0.00220727298501586,0.103651207032447,0.0348077980743467,0.14066627809181,0.0571050078325545,0.152397047047168,0.10816707192828,0.00155976842309444,0.107418248440558
-0.00233915663367753,0.102474674723708,0.0348929968047764,0.139706828162162,0.056824094888584,0.152571194280512,0.108210852572337,0.00146622082274846,0.106280052180134
-0.00247104028233919,0.101298142414968,0.0349781955352062,0.138747378232514,0.0565302991501023,0.152707860008415,0.108217104025523,0.00137267322240248,0.10514185591971
-0.00260292393100085,0.100121610106229,0.0350633942656359,0.137787928302865,0.0562227148936513,0.15280531409773,0.108183434898218,0.0012791256220565,0.104003659659286
-0.00273480757966251,0.0989450777974892,0.0351485929960657,0.136828478373217,0.0559009327552944,0.152292989794361,0.108084032557302,0.00118557802171052,0.102865463398862
-0.00286669122832418,0.0977685454887497,0.0352337917264954,0.135869028443569,0.0555647330483394,0.151503300808529,0.107410790761287,0.00109203042136454,0.101727267138438
-0.00299857487698584,0.0965920131800102,0.0353189904569252,0.134909578513921,0.0552140991038238,0.150668158233878,0.106691722372416,0.000998482821018565,0.100589070878015
-0.0031304585256475,0.0954154808712707,0.0354041891873549,0.133950128584273,0.0548492112026469,0.149783452749458,0.105925488870652,0.000904935220672585,0.0994508746175908
-0.00326234217430916,0.0942389485625312,0.0354893879177847,0.132990678654625,0.0544780076127295,0.148845532963868,0.105111145728868,0.000811387620326606,0.0983126783571669
-0.00339422582297082,0.0930624162537917,0.0355745866482144,0.132031228724977,0.0541086886121602,0.147856854281868,0.104243613069961,0.000717840019980626,0.0971744820967431
-0.00352610947163249,0.0918858839450522,0.0356597853786442,0.131071778795329,0.0537413933114102,0.146818878583058,0.103320403552241,0.000624292419634647,0.0960362858363193
-0.00365799312029415,0.0907093516363127,0.0357449841090739,0.130112328865681,0.0533766398791596,0.145725071665443,0.102340652413604,0.000530744819288668,0.0948980895758955
-0.00378987676895581,0.0895328193275732,0.0358301828395037,0.129152878936033,0.0530149739990496,0.144570372239898,0.101300771706274,0.000437197218942689,0.0937598933154717
-0.00392176041761747,0.0883562870188337,0.0359153815699334,0.128193429006385,0.052656813491464,0.143352638917194,0.100194779086924,0.000343649618596709,0.0926216970550479
-0.00405364406627914,0.0871797547100942,0.0360005803003632,0.127233979076737,0.0523025490105151,0.142067819300545,0.0990166277578577,0.00025010201825073,0.0914835007946241
-0.0041855277149408,0.0860032224013547,0.0360857790307929,0.126274529147088,0.0519531026755536,0.140716235253418,0.0977711686286623,0.000156554417904751,0.0903453045342002
-0.00431741136360246,0.0848266900926152,0.0361709777612227,0.12531507921744,0.0516094691931714,0.1392960594309,0.096454314857847,6.30068175587713e-05,0.0892071082737764
-0.00444929501226412,0.0836501577838757,0.0362561764916524,0.124355629287792,0.0512724608129045,0.137804179528648,0.0950643105632167,-3.05407827872078e-05,0.0880689120133526
-0.00458117866092578,0.0824736254751362,0.0363413752220822,0.123396179358144,0.0509426283712968,0.136237564768481,0.0936002504443308,-0.000124088383133187,0.0869307157529288
-0.00471306230958745,0.0812970931663967,0.0364265739525119,0.122436729428496,0.0506207468835769,0.134593273879459,0.0920629213185638,-0.000217635983479166,0.085792519492505
-0.00484494595824911,0.0801205608576572,0.0365117726829417,0.121477279498848,0.0503087678860159,0.132865946258022,0.0904543675917238,-0.000311183583825146,0.0846543232320811
-0.00497682960691077,0.0789440285489177,0.0365969714133714,0.1205178295692,0.0500087319886794,0.131054889252092,0.0887754328255639,-0.000404731184171125,0.0835161269716573
-0.00510871325557243,0.0777674962401782,0.0366821701438012,0.119558379639552,0.049722287385554,0.129089081088176,0.0870310726566213,-0.000498278784517104,0.0823779307112335
-0.0052405969042341,0.0765909639314387,0.0367673688742309,0.118598929709904,0.0494508451296986,0.127030905757771,0.085226034108175,-0.000591826384863083,0.0812397344508097
-0.00537248055289576,0.0754144316226992,0.0368525676046607,0.117639479780256,0.0491957209510936,0.124892480521264,0.0833783973343083,-0.000685373985209063,0.0801015381903859
-0.00550436420155742,0.0742378993139597,0.0369377663350904,0.116680029850608,0.0489561643296459,0.122673396353752,0.0815091409037106,-0.000778921585555042,0.0789633419299621
-0.00563624785021908,0.0730613670052202,0.0370229650655202,0.115720579920959,0.0487343288207601,0.120368587809752,0.0796227195308711,-0.000872469185901021,0.0778251456695382
-0.00576813149888074,0.0718848346964807,0.0371081637959499,0.114761129991311,0.0485311947577707,0.117974476656951,0.0781103418880368,-0.000966016786247001,0.0766869494091144
-0.00590001514754241,0.0707083023877412,0.0371933625263797,0.113801680061663,0.0483460594379423,0.115491417525441,0.0768463251278081,-0.00105956438659298,0.0755487531486906
-0.00603189879620407,0.0695317700790017,0.0372785612568094,0.112842230132015,0.0481778024316661,0.112927899226716,0.0755636688752057,-0.00115311198693896,0.0744105568882668
-0.00584395539197676,0.0687715461298062,0.0363668570410588,0.110982358562842,0.0480293901847833,0.11027997101494,0.073953235125689,-0.00110895713388437,0.0735065443878986
-0.00565601198774946,0.0680113221806107,0.0354551528253082,0.109122486993668,0.0478943639749531,0.107549140480215,0.0721252433627113,-0.00106480228082977,0.0726025318875304
-0.00546806858352215,0.0672510982314152,0.0345434486095576,0.107262615424495,0.0477719574635347,0.105043307286427,0.0703356452365478,-0.00102064742777518,0.0716985193871621
-0.00528012517929484,0.0664908742822197,0.033631744393807,0.105402743855321,0.0476640561654618,0.103458278962922,0.0685871701439923,-0.00097649257472059,0.0707945068867939
-0.00509218177506754,0.0657306503330242,0.0327200401780564,0.103542872286148,0.0475714620789347,0.101750128574012,0.0668855266280759,-0.000932337721665997,0.0698904943864257
-0.00490423837084023,0.0649704263838286,0.0318083359623058,0.101683000716975,0.0474942568205712,0.0999191600078091,0.0652313580133466,-0.000888182868611405,0.0689864818860575
-0.00471629496661293,0.0642102024346331,0.0308966317465551,0.0998231291478012,0.0474322056950877,0.0980797089173332,0.0636286083462511,-0.000844028015556812,0.0680824693856893
-0.00452835156238562,0.0634499784854376,0.0299849275308045,0.0979632575786278,0.0474100437305194,0.0962033977873186,0.0620841366803434,-0.00079987316250222,0.0671784568853211
-0.00434040815815832,0.0626897545362421,0.0290732233150539,0.0961033860094544,0.0474076418557914,0.0942679026280888,0.0605992071094832,-0.000755718309447628,0.0662744443849528
-0.00415246475393101,0.0619295305870466,0.0281615190993033,0.094243514440281,0.0473763386927074,0.092267467672626,0.0591785201984389,-0.000711563456393035,0.0653704318845846
-0.0039645213497037,0.0611693066378511,0.0272498148835527,0.0923836428711075,0.0473311852318584,0.0902368938815386,0.0578879488763465,-0.000667408603338443,0.0644664193842164
-0.0037765779454764,0.0604090826886556,0.0263381106678021,0.0905237713019341,0.0472865573238251,0.0881878867313892,0.0566565558499764,-0.00062325375028385,0.0635624068838482
-0.00358863454124909,0.0596488587394601,0.0254264064520515,0.0886638997327607,0.0472424669539259,0.0861891228029154,0.0554629747406175,-0.000579098897229258,0.06265839438348
-0.00340069113702179,0.0588886347902646,0.0245147022363009,0.0868040281635873,0.0471989099397243,0.0842498800688894,0.0543537910703098,-0.000534944044174665,0.0617543818831117
-0.00321274773279448,0.0581284108410691,0.0236029980205503,0.0849441565944139,0.0471559066798819,0.0823866072382688,0.0534632310732595,-0.000490789191120073,0.0608503693827435
-0.00302480432856717,0.0573681868918736,0.0226912938047997,0.0830842850252404,0.047113559118318,0.080594111910999,0.0524665055047148,-0.000446634338065481,0.0599463568823753
-0.00283686092433987,0.0566079629426781,0.021779589589049,0.081224413456067,0.0470719731239364,0.0784079751919119,0.0515775311191294,-0.000402479485010888,0.0590423443820071
-0.00264891752011256,0.0558477389934826,0.0208678853732984,0.0793645418868936,0.0470312592388553,0.0759007436577601,0.050764948855772,-0.000358324631956296,0.0581383318816389
-0.00246097411588526,0.0550875150442871,0.0199561811575478,0.0775046703177202,0.0469915319777736,0.0733655764873362,0.0500352885755812,-0.000314169778901703,0.0572343193812707
-0.00227303071165795,0.0543272910950916,0.0190444769417972,0.0756447987485468,0.0469528929865289,0.070943548456026,0.0493940257117601,-0.000270014925847111,0.0563303068809024
-0.00208508730743064,0.0535670671458961,0.0181327727260466,0.0737849271793733,0.0469154426795989,0.0686516030680459,0.0488975928633316,-0.000225860072792519,0.0554262943805342
-0.00189714390320334,0.0528068431967006,0.017221068510296,0.0719250556101999,0.0468793138748025,0.0664725681942661,0.048521654081494,-0.000181705219737926,0.054522281880166
-0.00170920049897603,0.0520466192475051,0.0163093642945454,0.0700651840410265,0.0468675545350204,0.064394238675771,0.0480924256657935,-0.000137550366683334,0.0536182693797978
-0.00152125709474873,0.0512863952983096,0.0153976600787948,0.0682053124718531,0.0468406026710341,0.0624183895169186,0.0477665129697916,-9.33955136287411e-05,0.0527142568794296
-0.00133331369052142,0.0505261713491141,0.0144859558630442,0.0663454409026797,0.0468248699991757,0.0605370517791608,0.0476522110534463,-4.92406605741486e-05,0.0518102443790613
-0.00114537028629411,0.0497659473999186,0.0135742516472935,0.0644855693335062,0.0468003502408902,0.0587329715546308,0.0475160758301622,-5.08580751955637e-06,0.0509062318786931
-0.000957426882066808,0.0490057234507231,0.0126625474315429,0.0626256977643328,0.0467754503405857,0.0570450418537569,0.0473714880806644,3.90690455350361e-05,0.0500022193783249
-0.000769483477839503,0.0482454995015276,0.0117508432157923,0.0607658261951594,0.0467501351694081,0.056781379365764,0.0472612672531969,8.32238985896286e-05,0.0490982068779567
-0.000581540073612196,0.0474852755523321,0.0108391390000417,0.058905954625986,0.0467253152301993,0.0566351917280727,0.0472227363802503,0.000127378751644221,0.0481941943775885
-0.000393596669384891,0.0467250516031366,0.0099274347842911,0.0570460830568126,0.0467019839989761,0.0564924193482889,0.0471315166119094,0.000171533604698813,0.0472901818772203
-0.00041110030778894,0.0467192666250334,0.00984379131868177,0.0569741582515041,0.0466738926985623,0.055847203889366,0.0471038497498715,0.00016638086341318,0.0472967477962355
-0.00042860394619299,0.0467134816469302,0.00976014785307244,0.0569022334461957,0.0466481037947225,0.0546854011181591,0.0470083375860867,0.000161228122127546,0.0473033137152508
-0.000446107584597039,0.0467076966688271,0.00967650438746312,0.0568303086408872,0.0466250203445901,0.0535712408220672,0.0469886378259538,0.000156075380841912,0.047309879634266
-0.000463611223001088,0.0467019116907239,0.00959286092185379,0.0567583838355788,0.046609944381631,0.0525569103027806,0.0470563610750147,0.000150922639556279,0.0473164455532813
-0.000481114861405138,0.0466961267126208,0.00950921745624446,0.0566864590302704,0.0465992294813115,0.051821330798259,0.0470599530831747,0.000145769898270645,0.0473230114722965
-0.000498618499809187,0.0466903417345176,0.00942557399063513,0.0566145342249619,0.0465812531339376,0.05169683700852,0.047045207751742,0.000140617156985011,0.0473295773913118
-0.000516122138213237,0.0466845567564144,0.0093419305250258,0.0565426094196535,0.0465668283847717,0.0515763954412258,0.0470330816517688,0.000135464415699378,0.0473361433103271
-0.000533625776617286,0.0466787717783113,0.00925828705941647,0.056470684614345,0.0465574215475966,0.0511902255769566,0.047011159461825,0.000130311674413744,0.0473427092293423
-0.000551129415021335,0.0466729868002081,0.00917464359380714,0.0563987598090366,0.0465506841821613,0.0507048173830546,0.0470203603355361,0.00012515893312811,0.0473492751483576
-0.000568633053425385,0.046667201822105,0.00909100012819781,0.0563268350037282,0.0465477948829861,0.0504769828672683,0.0470387116253339,0.000120006191842477,0.0473558410673728
-0.000586136691829434,0.0466614168440018,0.00900735666258848,0.0562549101984197,0.0465450478152007,0.0503431350804503,0.0470125374045444,0.000114853450556843,0.0473624069863881
-0.000603640330233484,0.0466556318658986,0.00892371319697915,0.0561829853931113,0.0465447038335485,0.0500219836291083,0.0469909702618607,0.000109700709271209,0.0473689729054033
-0.000621143968637533,0.0466498468877955,0.00884006973136982,0.0561110605878028,0.0465471904086328,0.0506936587858803,0.0469738628370397,0.000104547967985576,0.0473755388244186
-0.000638647607041583,0.0466440619096923,0.0087564262657605,0.0560391357824944,0.0465469297086398,0.0499968787558596,0.0470609890766976,9.93952266999421e-05,0.0473821047434339
-0.000656151245445632,0.0466382769315892,0.00867278280015117,0.055967210977186,0.0465464824160208,0.049898808955683,0.0470575325648726,9.42424854143084e-05,0.0473886706624491
-0.000673654883849681,0.046632491953486,0.00858913933454184,0.0558952861718775,0.0465446895749457,0.051008481303429,0.0470826675293558,8.90897441286748e-05,0.0473952365814644
-0.000691158522253731,0.0466267069753829,0.00850549586893251,0.0558233613665691,0.0465443126403687,0.051914264282168,0.0471108582616833,8.39370028430411e-05,0.0474018025004796
-0.00070866216065778,0.0466209219972797,0.00842185240332318,0.0557514365612607,0.0465439235253411,0.0519229903218314,0.0471238857332973,7.87842615574074e-05,0.0474083684194949
-0.00072616579906183,0.0466151370191765,0.00833820893771385,0.0556795117559522,0.0465478616704558,0.0519255805968231,0.0472048025674824,7.36315202717738e-05,0.0474149343385101
-0.000743669437465879,0.0466093520410734,0.00825456547210452,0.0556075869506438,0.0465468894567218,0.051927551543511,0.0471547619435474,6.84787789861401e-05,0.0474215002575254
-0.000761173075869928,0.0466035670629702,0.00817092200649519,0.0555356621453353,0.0465466072382389,0.0525062068616731,0.0471352405562891,6.33260377005065e-05,0.0474280661765407
-0.000778676714273978,0.0465977820848671,0.00808727854088586,0.0554637373400269,0.046546312559135,0.0538439170516271,0.0471352220751921,5.81732964148728e-05,0.0474346320955559
-0.000796180352678027,0.0465919971067639,0.00800363507527654,0.0553918125347185,0.0465460055333731,0.054727186244422,0.0471351776242006,5.30205551292391e-05,0.0474411980145712
-0.000813683991082077,0.0465862121286607,0.00791999160966721,0.05531988772941,0.0465456862711629,0.0552519843314692,0.0471351353348154,4.78678138436055e-05,0.0474477639335864
-0.000831187629486126,0.0465804271505576,0.00783634814405788,0.0552479629241016,0.0465453548790159,0.0555346268319031,0.047135106169107,4.27150725579718e-05,0.0474543298526017
-0.000848691267890175,0.0465746421724544,0.00775270467844855,0.0551760381187931,0.0465450114605439,0.0556345744077109,0.0471350852617605,3.75623312723381e-05,0.0474608957716169
-0.000866194906294225,0.0465688571943513,0.00766906121283922,0.0551041133134847,0.0465446562281101,0.0556809863911791,0.0471350723367056,3.24095899867045e-05,0.0474674616906322
-0.000883698544698274,0.0465630722162481,0.00758541774722989,0.0550321885081763,0.0465467230474934,0.0557189664394127,0.0471686369139309,2.72568487010708e-05,0.0474740276096474
-0.000901202183102324,0.0465572872381449,0.00750177428162056,0.0549602637028678,0.0465464943772044,0.0557479483336138,0.0473647972850615,2.21041074154371e-05,0.0474805935286627
-0.000918705821506373,0.0465515022600418,0.00741813081601123,0.0548883388975594,0.0465462593815095,0.0557755289464086,0.0475286300569796,1.69513661298035e-05,0.047487159447678
-0.000936209459910423,0.0465457172819386,0.0073344873504019,0.054816414092251,0.0465466641288814,0.0557942347790854,0.047481926741849,1.17986248441698e-05,0.0474937253666932
-0.000950118811215149,0.0465481496176147,0.00739998933776375,0.0548982577665936,0.0466007349418941,0.0557893738872504,0.0474090470114481,1.11005183115786e-05,0.0475093689471415
-0.000964028162519876,0.0465505819532908,0.0074654913251256,0.0549801014409363,0.046600638259724,0.0557736173298229,0.0477072408668393,1.04024117789874e-05,0.0475250125275897
-0.000977937513824603,0.0465530142889669,0.00753099331248745,0.055061945115279,0.0467103693543506,0.0557660102525873,0.0477100753073263,9.70430524639618e-06,0.0475406561080379
-0.00099184686512933,0.046555446624643,0.0075964952998493,0.0551437887896217,0.046681186919895,0.0557521071937268,0.0477126418701083,9.00619871380496e-06,0.0475562996884862
-0.00100575621643406,0.0465578789603191,0.00766199728721115,0.0552256324639643,0.0466413545891878,0.0557428049025609,0.0477164210619082,8.30809218121375e-06,0.0475719432689344
-0.00101966556773878,0.0465603112959952,0.007727499274573,0.055307476138307,0.0466195127689497,0.0557357125184194,0.047843743304177,7.60998564862253e-06,0.0475875868493826
-0.00103357491904351,0.0465627436316713,0.00779300126193485,0.0553893198126497,0.0466468645024154,0.0557181023006144,0.0478384440095788,6.91187911603131e-06,0.0476032304298309
-0.00104748427034824,0.0465651759673474,0.0078585032492967,0.0554711634869924,0.0466465482032509,0.0557089472800015,0.0479114780594065,6.2137725834401e-06,0.0476188740102791
-0.00106139362165296,0.0465676083030235,0.00792400523665855,0.055553007161335,0.0466842059566166,0.055707998153349,0.0479386514223736,5.51566605084888e-06,0.0476345175907273
-0.00107530297295769,0.0465700406386996,0.0079895072240204,0.0556348508356777,0.0466885754216171,0.0557167832014625,0.0477545428072937,4.81755951825767e-06,0.0476501611711756
-0.00108921232426242,0.0465724729743757,0.00805500921138225,0.0557166945100204,0.0466887074407032,0.0557521113222255,0.0477361286195366,4.11945298566645e-06,0.0476658047516238
-0.00110312167556715,0.0465749053100518,0.0081205111987441,0.0557985381843631,0.046687602733368,0.0556811140684683,0.0477362662223085,3.42134645307523e-06,0.047681448332072
-0.00111703102687187,0.0465773376457279,0.00818601318610595,0.0558803818587057,0.0466868469757977,0.0554934041923159,0.0475865246101835,2.72323992048402e-06,0.0476970919125203
-0.0011309403781766,0.046579769981404,0.0082515151734678,0.0559622255330484,0.0466328621617555,0.0545411961305847,0.0476198366124748,2.0251333878928e-06,0.0477127354929685
-0.00114484972948133,0.0465822023170801,0.00831701716082965,0.0560440692073911,0.0466624361558963,0.0532246589857045,0.0476418471194477,1.32702685530159e-06,0.0477283790734167
-0.00115875908078605,0.0465846346527562,0.0083825191481915,0.0561259128817338,0.0466323489650059,0.0523084917269768,0.0476592493675162,6.28920322710372e-07,0.047744022653865
-0.00117266843209078,0.0465870669884323,0.00844802113555335,0.0562077565560764,0.0465990579339814,0.0526690579323544,0.0477201025964147,-6.91862098808435e-08,0.0477596662343132
-0.00118657778339551,0.0465894993241084,0.0085135231229152,0.0562896002304191,0.0465767784250942,0.0530408934063116,0.0477589809970062,-7.67292742472058e-07,0.0477753098147614
-0.00120048713470023,0.0465919316597845,0.00857902511027705,0.0563714439047618,0.0465613419877577,0.05257083323336,0.0475713966328591,-1.46539927506327e-06,0.0477909533952097
-0.00121439648600496,0.0465943639954606,0.0086445270976389,0.0564532875791045,0.0465641438956118,0.0533785227898809,0.0474037644052268,-2.16350580765449e-06,0.0478065969756579
-0.00122830583730969,0.0465967963311367,0.00871002908500075,0.0565351312534471,0.0465559216138778,0.0534636459945754,0.0474104010572819,-2.86161234024571e-06,0.0478222405561061
-0.00124221518861441,0.0465992286668128,0.00877553107236259,0.0566169749277898,0.0465631877756491,0.0534987566392333,0.0474083918595932,-3.55971887283692e-06,0.0478378841365544
-0.00125612453991914,0.0466016610024889,0.00884103305972445,0.0566988186021325,0.0465903552584296,0.0526131029456927,0.047424626543296,-4.25782540542814e-06,0.0478535277170026
-0.00127003389122387,0.046604093338165,0.0089065350470863,0.0567806622764752,0.0465698544193604,0.0531805517868403,0.047404065432324,-4.95593193801936e-06,0.0478691712974509
-0.00128394324252859,0.0466065256738411,0.00897203703444814,0.0568625059508178,0.046651527742492,0.0535656546084299,0.0475720223451598,-5.65403847061057e-06,0.0478848148778991
-0.00129785259383332,0.0466089580095172,0.00903753902180999,0.0569443496251605,0.0466698025537789,0.0535811619126516,0.0477563639740145,-6.35214500320178e-06,0.0479004584583473
-0.00131176194513805,0.0466113903451933,0.00910304100917184,0.0570261932995032,0.0466854645268793,0.0540349192572868,0.0477585977594407,-7.050251535793e-06,0.0479161020387956
-0.00132567129644278,0.0466138226808694,0.00916854299653369,0.0571080369738459,0.046669413720577,0.0540892404056336,0.0476384600677591,-7.74835806838422e-06,0.0479317456192438
-0.0013395806477475,0.0466162550165455,0.00923404498389554,0.0571898806481885,0.0466451268798042,0.0552587903955124,0.0477028604113458,-8.44646460097543e-06,0.047947389199692
-0.00135348999905223,0.0466186873522216,0.00929954697125739,0.0572717243225312,0.046615353837234,0.0571931718186174,0.0478898166094497,-9.14457113356665e-06,0.0479630327801403
-0.00136006422122444,0.0466214268624439,0.00929776080819092,0.0572792518918592,0.0465869746256369,0.0567946069230465,0.0480146395469459,-3.06174519068238e-05,0.0479508736317615
-0.00136663844339664,0.0466241663726662,0.00929597464512444,0.0572867794611873,0.0465678095698574,0.0564039905463347,0.0484037007940981,-5.2090332680081e-05,0.0479387144833827
-0.00137321266556885,0.0466269058828885,0.00929418848205796,0.0572943070305153,0.0465667078173171,0.0560980008304819,0.0484270434633392,-7.35632134533382e-05,0.047926555335004
-0.00137978688774105,0.0466296453931107,0.00929240231899148,0.0573018345998433,0.0465741395088761,0.0562327573357262,0.0484198550338349,-9.50360942265953e-05,0.0479143961866252
-0.00138636110991326,0.046632384903333,0.00929061615592501,0.0573093621691713,0.0465618728688004,0.0583531615758317,0.0483450062691968,-0.000116508974999853,0.0479022370382464
-0.00139293533208547,0.0466351244135553,0.00928882999285853,0.0573168897384993,0.0465542780145776,0.0602581900492128,0.0481402038320857,-0.00013798185577311,0.0478900778898677
-0.00139950955425767,0.0466378639237776,0.00928704382979205,0.0573244173078273,0.0465493856462583,0.0625139229935292,0.0484054551080451,-0.000159454736546367,0.0478779187414889
-0.00140608377642988,0.0466406034339999,0.00928525766672557,0.0573319448771553,0.046549171312422,0.0645816354044114,0.048419479089431,-0.000180927617319624,0.0478657595931101
-0.00141265799860208,0.0466433429442222,0.0092834715036591,0.0573394724464833,0.0465489380470414,0.065931640239129,0.0479719337005199,-0.000202400498092881,0.0478536004447314
-0.00141923222077429,0.0466460824544444,0.00928168534059262,0.0573470000158114,0.0465475793059059,0.0667061632217971,0.0477467860388883,-0.000223873378866138,0.0478414412963526
-0.0014258064429465,0.0466488219646667,0.00927989917752614,0.0573545275851394,0.0465473390921341,0.0674125774189822,0.0476351499713273,-0.000245346259639396,0.0478292821479738
-0.0014323806651187,0.046651561474889,0.00927811301445967,0.0573620551544674,0.0465470857652188,0.0679747975824073,0.0475870039427574,-0.000266819140412653,0.0478171229995951
-0.00143895488729091,0.0466543009851113,0.00927632685139319,0.0573695827237954,0.0465468195596263,0.0683196390165084,0.0479891474080543,-0.00028829202118591,0.0478049638512163
-0.00144552910946311,0.0466570404953336,0.00927454068832671,0.0573771102931234,0.0465471295869512,0.068424601195898,0.0481990491602399,-0.000309764901959167,0.0477928047028375
-0.00145210333163532,0.0466597800055559,0.00927275452526023,0.0573846378624514,0.0465468925710065,0.0684891305597962,0.0480142149288535,-0.000331237782732424,0.0477806455544588
-0.00145867755380753,0.0466625195157782,0.00927096836219376,0.0573921654317794,0.0465483668265128,0.0685743679364519,0.0476719868971887,-0.000352710663505681,0.04776848640608
-0.00146525177597973,0.0466652590260004,0.00926918219912728,0.0573996930011074,0.0465481559437398,0.0687059856513157,0.0476124507655628,-0.000374183544278939,0.0477563272577012
-0.00147182599815194,0.0466679985362227,0.0092673960360608,0.0574072205704355,0.0465479536858612,0.068802433030284,0.047601250796107,-0.000395656425052196,0.0477441681093225
-0.00147840022032414,0.046670738046445,0.00926560987299433,0.0574147481397635,0.0465585773052218,0.0688367849812044,0.0476249887175292,-0.000417129305825453,0.0477320089609437
-0.00148497444249635,0.0466734775566673,0.00926382370992785,0.0574222757090915,0.0466632232727687,0.0688657779803481,0.0481331333588197,-0.00043860218659871,0.0477198498125649
-0.00149154866466856,0.0466762170668896,0.00926203754686137,0.0574298032784195,0.0467413781747804,0.0688631268222161,0.048525541668116,-0.000460075067371967,0.0477076906641862
-0.00149812288684076,0.0466789565771119,0.00926025138379489,0.0574373308477475,0.0467115575034918,0.0688558333956198,0.0485325032721887,-0.000481547948145225,0.0476955315158074
-0.00150469710901297,0.0466816960873341,0.00925846522072842,0.0574448584170755,0.046683126568591,0.0689922671121671,0.047872042830113,-0.000503020828918482,0.0476833723674286
-0.00151127133118517,0.0466844355975564,0.00925667905766194,0.0574523859864035,0.0466569296843776,0.0691763226489726,0.0475984064395868,-0.000524493709691739,0.0476712132190499
-0.00151784555335738,0.0466871751077787,0.00925489289459546,0.0574599135557316,0.0466381943738293,0.0683778936179837,0.0476228694791214,-0.000545966590464996,0.0476590540706711
-0.00152441977552959,0.046689914618001,0.00925310673152898,0.0574674411250596,0.0467276488530383,0.0676058212018316,0.0478552964653673,-0.000567439471238253,0.0476468949222923
-0.00153099399770179,0.0466926541282233,0.00925132056846251,0.0574749686943876,0.046780358741354,0.0657937190118787,0.0478840766059581,-0.00058891235201151,0.0476347357739136
-0.001537568219874,0.0466953936384456,0.00924953440539603,0.0574824962637156,0.0468826386139267,0.0633105980292218,0.0479145139358649,-0.000610385232784768,0.0476225766255348
-0.0015441424420462,0.0466981331486679,0.00924774824232955,0.0574900238330436,0.04687707793199,0.0610131551111535,0.0479903786046246,-0.000631858113558025,0.047610417477156
-0.00155071666421841,0.0467008726588901,0.00924596207926308,0.0574975514023716,0.0468057169410083,0.0608596935042364,0.0481577840199893,-0.000653330994331282,0.0475982583287773
-0.00155729088639062,0.0467036121691124,0.0092441759161966,0.0575050789716996,0.0467651105556075,0.0609069788319947,0.0483128551186355,-0.000674803875104539,0.0475860991803985
-0.00156512930116598,0.0467005822360929,0.0102230827417316,0.0584887942789905,0.0468381715150917,0.0608900630247256,0.0483179634757844,-0.000665358698042128,0.0476003528392168
-0.00157296771594133,0.0466975523030734,0.0112019895672666,0.0594725095862813,0.0469245745337746,0.0611480645566116,0.0483126989703859,-0.000655913520979716,0.047614606498035
-0.00158080613071669,0.0466945223700539,0.0121808963928016,0.0604562248935722,0.0469397203301175,0.0611182790860387,0.0480507945181576,-0.000646468343917305,0.0476288601568533
-0.00158864454549205,0.0466914924370344,0.0131598032183366,0.061439940200863,0.0469542857224159,0.0605511634964157,0.0477642008210772,-0.000637023166854893,0.0476431138156716
-0.00159648296026741,0.0466884625040149,0.0141387100438715,0.0624236555081539,0.0469680420860576,0.0593795726788153,0.0477264371328939,-0.000627577989792482,0.0476573674744899
-0.00160432137504277,0.0466854325709955,0.0151176168694065,0.0634073708154447,0.0468821654636812,0.0590472401917708,0.0477369693438516,-0.00061813281273007,0.0476716211333082
-0.00161215978981813,0.046682402637976,0.0160965236949415,0.0643910861227356,0.0467755830412438,0.0593490541448512,0.0476393862066825,-0.000608687635667658,0.0476858747921264
-0.00161999820459349,0.0466793727049565,0.0170754305204765,0.0653748014300265,0.0467296022609852,0.0601123948177274,0.0476209936324042,-0.000599242458605247,0.0477001284509447
-0.00162783661936885,0.046676342771937,0.0180543373460115,0.0663585167373173,0.0468684182144664,0.0603773810599717,0.0476439703181103,-0.000589797281542835,0.047714382109763
-0.00163567503414421,0.0466733128389175,0.0190332441715465,0.0673422320446082,0.0467643903535795,0.0605748616809664,0.047665944520046,-0.000580352104480424,0.0477286357685813
-0.00164351344891956,0.046670282905898,0.0200121509970815,0.068325947351899,0.0467132318431125,0.0608740294645682,0.0477501244532038,-0.000570906927418013,0.0477428894273995
-0.00165135186369492,0.0466672529728785,0.0209910578226165,0.0693096626591899,0.0466748057647664,0.0613026929448678,0.0479510806625921,-0.000561461750355601,0.0477571430862178
-0.00165919027847028,0.046664223039859,0.0219699646481514,0.0702933779664807,0.0466462464633518,0.0625412124803385,0.0480050850439126,-0.00055201657329319,0.0477713967450361
-0.00166702869324564,0.0466611931068395,0.0229488714736864,0.0712770932737716,0.0466475232774094,0.0657042286870387,0.0479744635652475,-0.000542571396230778,0.0477856504038544
-0.001674867108021,0.04665816317382,0.0239277782992214,0.0722608085810624,0.0466603048207292,0.0691491864443207,0.0478595342161346,-0.000533126219168366,0.0477999040626726
-0.00168270552279636,0.0466551332408005,0.0249066851247564,0.0732445238883533,0.0466730238808843,0.0724383457159878,0.0478889083583436,-0.000523681042105955,0.0478141577214909
-0.00169054393757172,0.046652103307781,0.0258855919502914,0.0742282391956441,0.0466856899073761,0.0756983182170188,0.0479163065733535,-0.000514235865043544,0.0478284113803092
-0.00169838235234708,0.0466490733747615,0.0268644987758264,0.075211954502935,0.046698377933301,0.0789043964455971,0.0479418158483862,-0.000504790687981132,0.0478426650391275
-0.00170622076712244,0.046646043441742,0.0278434056013614,0.0761956698102258,0.0467110992273892,0.0820712466932889,0.0479655772374271,-0.00049534551091872,0.0478569186979457
-0.00171405918189779,0.0466430135087225,0.0288223124268964,0.0771793851175167,0.046722741551144,0.0840985749821875,0.0480650669368882,-0.000485900333856309,0.047871172356764
-0.00172189759667315,0.046639983575703,0.0298012192524314,0.0781631004248075,0.0467291338948905,0.08418804668478,0.0481279428039133,-0.000476455156793898,0.0478854260155823
-0.00172973601144851,0.0466369536426835,0.0307801260779663,0.0791468157320984,0.0466966316823959,0.0843160105843987,0.0482713323133279,-0.000467009979731486,0.0478996796744006
-0.00173757442622387,0.0466339237096641,0.0317590329035013,0.0801305310393892,0.046668722797801,0.084515733386071,0.0482748227664888,-0.000457564802669074,0.0479139333332188
-0.00174541284099923,0.0466308937766446,0.0327379397290363,0.0811142463466801,0.0466496057116025,0.0846690647708621,0.048266764893696,-0.000448119625606663,0.0479281869920371
-0.00175325125577459,0.0466278638436251,0.0337168465545713,0.082097961653971,0.0466379404360858,0.0838632377643162,0.0482690654965658,-0.000438674448544252,0.0479424406508554
-0.00176108967054995,0.0466248339106056,0.0346957533801063,0.0830816769612618,0.0466600701313573,0.0865414721535797,0.048210934571091,-0.00042922927148184,0.0479566943096737
-0.00176892808532531,0.0466218039775861,0.0356746602056413,0.0840653922685527,0.0466814215290837,0.0898012333403386,0.0482102685570181,-0.000419784094419428,0.047970947968492
-0.00177676650010067,0.0466187740445666,0.0366535670311763,0.0850491075758435,0.0467018950874432,0.0930013988100326,0.0482203568777879,-0.000410338917357017,0.0479852016273102
-0.00178460491487603,0.0466157441115471,0.0376324738567113,0.0860328228831344,0.0467165216233883,0.096148698400366,0.0484126240639259,-0.000400893740294605,0.0479994552861285
-0.00179244332965138,0.0466127141785276,0.0386113806822462,0.0870165381904252,0.0466960018686639,0.0992715431429618,0.0484391055760373,-0.000391448563232194,0.0480137089449468
-0.00180028174442674,0.0466096842455081,0.0395902875077812,0.0880002534977161,0.0466775848342566,0.100273705109726,0.0484099659899348,-0.000382003386169782,0.0480279626037651
-0.00265041120333637,0.0466152472512089,0.0399312280204722,0.0891968864750174,0.0466610800815309,0.101332946191565,0.0483849106202951,-0.000622852188088441,0.0486428062664568
-0.003500540662246,0.0466208102569096,0.0402721685331631,0.0903935194523188,0.0466459217824939,0.10250928896076,0.0483866525618008,-0.000863700990007099,0.0492576499291485
-0.00435067012115563,0.0466263732626104,0.0406131090458541,0.0915901524296201,0.0466316139568036,0.103796170604491,0.048391852445801,-0.00110454979192576,0.0498724935918402
-0.00520079958006526,0.0466319362683111,0.0409540495585451,0.0927867854069214,0.0466197163417699,0.106203717447911,0.0483983975016859,-0.00134539859384442,0.050487337254532
-0.00605092903897489,0.0466374992740119,0.041294990071236,0.0939834183842228,0.0466080424723456,0.10879024336874,0.0484060367528025,-0.00158624739576307,0.0511021809172237
-0.00690105849788452,0.0466430622797126,0.041635930583927,0.0951800513615241,0.0466560315089454,0.111411633254347,0.0489439405464836,-0.00182709619768173,0.0517170245799154
-0.00775118795679415,0.0466486252854134,0.0419768710966179,0.0963766843388255,0.0466356845868474,0.113856716006024,0.0490493375263038,-0.00206794499960039,0.0523318682426071
-0.00860131741570378,0.0466541882911141,0.0423178116093089,0.0975733173161268,0.0467298585951866,0.116230056959471,0.0506038984316054,-0.00230879380151905,0.0529467119052989
-0.0094514468746134,0.0466597512968149,0.0426587521219998,0.0987699502934281,0.0467071845570765,0.118692724011752,0.0520040962401049,-0.00254964260343771,0.0535615555679906
-0.010301576333523,0.0466653143025157,0.0429996926346908,0.0999665832707295,0.0466853433550985,0.121239755853906,0.0537970056223734,-0.00279049140535637,0.0541763992306823
-0.0111517057924327,0.0466708773082164,0.0433406331473817,0.101163216248031,0.0466663347104516,0.121197200183433,0.0562096973114299,-0.00303134020727502,0.0547912428933741
-0.0120018352513423,0.0466764403139172,0.0436815736600727,0.102359849225332,0.0466494143165956,0.12097275153976,0.0572138170832514,-0.00327218900919368,0.0554060865560658
-0.0128519647102519,0.0466820033196179,0.0440225141727636,0.103556482202633,0.0466352521151942,0.120712105582363,0.0587364474831361,-0.00351303781111234,0.0560209302187575
-0.0137020941691616,0.0466875663253187,0.0443634546854546,0.104753115179935,0.0467131230183662,0.120520369639954,0.060579158603767,-0.003753886613031,0.0566357738814492
-0.0145522236280712,0.0466931293310194,0.0447043951981456,0.105949748157236,0.0466932752076984,0.120442022243169,0.0624274813248131,-0.00399473541494966,0.057250617544141
-0.0154023530869808,0.0466986923367202,0.0450453357108365,0.107146381134538,0.0466759793088429,0.11943402875852,0.064280615181695,-0.00423558421686832,0.0578654612068327
-0.0162524825458904,0.046704255342421,0.0453862762235275,0.108343014111839,0.0466609535895347,0.118376896673835,0.0661375865700199,-0.00447643301878697,0.0584803048695244
-0.0171026120048001,0.0467098183481217,0.0457272167362184,0.10953964708914,0.0466480120232856,0.117370928921897,0.0679976626308228,-0.00471728182070563,0.0590951485322161
-0.0179527414637097,0.0467153813538225,0.0460681572489094,0.110736280066442,0.0467057123613274,0.116585786276167,0.0698602143488362,-0.00495813062262429,0.0597099921949079
-0.0188028709226193,0.0467209443595232,0.0464090977616003,0.111932913043743,0.0466946621689597,0.115920780897446,0.071259791149058,-0.00519897942454295,0.0603248358575996
-0.019653000381529,0.046726507365224,0.0467500382742913,0.113129546021044,0.0466843179291554,0.115345150097286,0.0718916316349899,-0.00543982822646161,0.0609396795202913
-0.0205031298404386,0.0467320703709247,0.0470909787869822,0.114326178998346,0.0466742730172806,0.114853905647819,0.0725345477962194,-0.00568067702838027,0.0615545231829831
-0.0213532592993482,0.0467376333766255,0.0474319192996732,0.115522811975647,0.046664480954379,0.114447361612393,0.0727332585246732,-0.00592152583029892,0.0621693668456748
-0.0222033887582578,0.0467431963823262,0.0477728598123642,0.116719444952948,0.0466553548100921,0.115924027108091,0.0724469270440692,-0.00616237463221758,0.0627842105083665
-0.0230535182171675,0.046748759388027,0.0481138003250551,0.11791607793025,0.046647057143782,0.119545192682957,0.072164116400612,-0.00640322343413624,0.0633990541710582
-0.0239036476760771,0.0467543223937278,0.0484547408377461,0.119112710907551,0.0466393165963096,0.12315720551752,0.0718960086564308,-0.0066440722360549,0.06401389783375
-0.0247537771349867,0.0467598853994285,0.048795681350437,0.120309343884852,0.0466320791894078,0.126760193666009,0.0716507522333381,-0.00688492103797356,0.0646287414964417
-0.0256039065938964,0.0467654484051293,0.049136621863128,0.121505976862154,0.0466253249995673,0.130354013935048,0.0714085123897287,-0.00712576983989222,0.0652435851591334
-0.026454036052806,0.04677101141083,0.0494775623758189,0.122702609839455,0.0466191029018513,0.133631414449269,0.0724740102589999,-0.00736661864181087,0.0658584288218251
-0.0273041655117156,0.0467765744165308,0.0498185028885099,0.123899242816756,0.046613389397992,0.135431865717789,0.0737114620361916,-0.00760746744372953,0.0664732724845169
-0.0276064978244254,0.046788660671938,0.0502327866710058,0.124627945167369,0.0466123272010963,0.136854434842869,0.0739662703946196,-0.00772795663010541,0.0666672018662579
-0.0279088301371352,0.0468007469273451,0.0506470704535018,0.125356647517982,0.0466138766947831,0.138649881624252,0.0737760874491199,-0.00784844581648129,0.066861131247999
-0.028211162449845,0.0468128331827523,0.0510613542359977,0.126085349868595,0.0466160573585344,0.140563538467163,0.073591937627086,-0.00796893500285716,0.0670550606297401
-0.0285134947625548,0.0468249194381595,0.0514756380184937,0.126814052219208,0.0466190792485481,0.142491326798134,0.0735077549757579,-0.00808942418923304,0.0672489900114812
-0.0288158270752645,0.0468370056935667,0.0518899218009896,0.127542754569821,0.0466224067432819,0.14443103316631,0.0734475820800286,-0.00820991337560892,0.0674429193932223
-0.0291181593879743,0.0468490919489738,0.0523042055834856,0.128271456920434,0.0466260240145207,0.146379230120199,0.0734099610112792,-0.0083304025619848,0.0676368487749634
-0.0294204917006841,0.046861178204381,0.0527184893659815,0.129000159271047,0.0466297660663201,0.148120439856864,0.0733891915954707,-0.00845089174836068,0.0678307781567044
-0.0297228240133939,0.0468732644597882,0.0531327731484775,0.12972886162166,0.0466335556808874,0.149705731331566,0.0742244939654855,-0.00857138093473655,0.0680247075384455
-0.0300251563261037,0.0468853507151954,0.0535470569309734,0.130457563972272,0.0466374059125565,0.151281153403074,0.0762409432826089,-0.00869187012111243,0.0682186369201866
-0.0303274886388135,0.0468974369706025,0.0539613407134694,0.131186266322885,0.0466413803396335,0.152847320901213,0.0771914457634628,-0.00881235930748831,0.0684125663019277
-0.0306298209515233,0.0469095232260097,0.0543756244959653,0.131914968673498,0.0466455392848643,0.154404710183157,0.0773337609939369,-0.00893284849386419,0.0686064956836688
-0.030932153264233,0.0469216094814169,0.0547899082784613,0.132643671024111,0.0466496727723389,0.155952722428747,0.0774993413163319,-0.00905333768024006,0.0688004250654099
-0.0312344855769428,0.0469336957368241,0.0552041920609572,0.133372373374724,0.0467429347925611,0.157491040152058,0.0776857452714497,-0.00917382686661594,0.068994354447151
-0.0315368178896526,0.0469457819922312,0.0556184758434532,0.134101075725337,0.0467401093923952,0.159018725965118,0.0778905564234806,-0.00929431605299182,0.069188283828892
-0.0318391502023624,0.0469578682476384,0.0560327596259491,0.13482977807595,0.0467374082580913,0.160543477687603,0.0781117233328407,-0.0094148052393677,0.0693822132106331
-0.0321414825150722,0.0469699545030456,0.0564470434084451,0.135558480426563,0.0467348347022973,0.160226382814827,0.0783427311802733,-0.00953529442574357,0.0695761425923742
-0.032443814827782,0.0469820407584528,0.056861327190941,0.136287182777176,0.0467323739395785,0.159865657480073,0.078606064009671,-0.00965578361211945,0.0697700719741153
-0.0327461471404918,0.0469941270138599,0.057275610973437,0.137015885127789,0.0467300112703474,0.159510767070018,0.0788866562997556,-0.00977627279849533,0.0699640013558564
-0.0330484794532015,0.0470062132692671,0.0576898947559329,0.137744587478402,0.0467277439630485,0.159162031390618,0.0791837120339171,-0.00989676198487121,0.0701579307375975
-0.0333508117659113,0.0470182995246743,0.0581041785384288,0.138473289829014,0.0467255792270516,0.15881957406195,0.0794956632030113,-0.0100172511712471,0.0703518601193385
-0.0336531440786211,0.0470303857800815,0.0585184623209248,0.139201992179627,0.0467235138850068,0.158483476551344,0.0798215640325917,-0.010137740357623,0.0705457895010796
-0.0339554763913309,0.0470424720354886,0.0589327461034208,0.13993069453024,0.0467215524255866,0.158086475371217,0.0801645154717852,-0.0102582295439988,0.0707397188828207
-0.0342578087040407,0.0470545582908958,0.0593470298859167,0.140659396880853,0.0467222900128721,0.157666127812714,0.0805234098367167,-0.0103787187303747,0.0709336482645618
-0.0345601410167505,0.047066644546303,0.0597613136684126,0.141388099231466,0.0467651168280734,0.15725374489297,0.0808969776974405,-0.0104992079167506,0.0711275776463029
-0.0348624733294603,0.0470787308017102,0.0601755974509086,0.142116801582079,0.0468246642870589,0.156849125648167,0.0812842576589392,-0.0106196971031265,0.071321507028044
-0.03516480564217,0.0470908170571173,0.0605898812334045,0.142845503932692,0.0468342301274974,0.156451147682887,0.0816842846255218,-0.0107401862895023,0.071515436409785
-0.0354671379548798,0.0471029033125245,0.0610041650159005,0.143574206283305,0.0468322782748634,0.156059650690747,0.0820960233219128,-0.0108606754758782,0.0717093657915261
-0.0357694702675896,0.0471149895679317,0.0614184487983964,0.144302908633918,0.0468304128998529,0.155674836415565,0.0825186441897394,-0.0109811646622541,0.0719032951732672
-0.0360718025802994,0.0471270758233389,0.0618327325808924,0.145031610984531,0.0471403242888429,0.155296832912292,0.0829513117928733,-0.01110165384863,0.0720972245550083
-0.0363741348930092,0.047139162078746,0.0622470163633883,0.145760313335144,0.0472253020568595,0.154925386149796,0.0833932929834677,-0.0112221430350059,0.0722911539367494
-0.036676467205719,0.0471512483341532,0.0626613001458843,0.146489015685756,0.0472226973449179,0.157111035347756,0.0838277155398722,-0.0113426322213817,0.0724850833184905
-0.036921582379204,0.0472126755910266,0.0623266956427008,0.146460953612931,0.0472201916882674,0.15994903633751,0.0842558752856367,-0.0114455733453954,0.0726886846248351
-0.037166697552689,0.0472741028479,0.0619920911395172,0.146432891540106,0.047217761455118,0.160808399947069,0.0846788162159559,-0.0115485144694092,0.0728922859311798
-0.037411812726174,0.0473355301047733,0.0616574866363337,0.146404829467281,0.0472153968919771,0.160798268263515,0.085005019586378,-0.0116514555934229,0.0730958872375245
-0.037656927899659,0.0473969573616467,0.0613228821331502,0.146376767394456,0.047214164559054,0.160444375335703,0.0861378058389105,-0.0117543967174366,0.0732994885438692
-0.037902043073144,0.0474583846185201,0.0609882776299667,0.146348705321631,0.047217258499365,0.160098046464095,0.0869963491279107,-0.0118573378414503,0.0735030898502138
-0.038147158246629,0.0475198118753935,0.0606536731267831,0.146320643248806,0.0473607874224281,0.160199091202784,0.0871947807770535,-0.011960278965464,0.0737066911565585
-0.038392273420114,0.0475812391322668,0.0603190686235996,0.14629258117598,0.0473586326296533,0.160311250743531,0.0873950623601174,-0.0120632200894777,0.0739102924629032
-0.0386373885935991,0.0476426663891402,0.0599844641204161,0.146264519103155,0.047356508501125,0.160434907790729,0.0875974094147252,-0.0121661612134914,0.0741138937692479
-0.0388825037670841,0.0477040936460136,0.0596498596172326,0.14623645703033,0.0473544018343506,0.160569679708041,0.0878021102322251,-0.0122691023375051,0.0743174950755925
-0.0391276189405691,0.0477655209028869,0.0593152551140491,0.146208394957505,0.0473555054847926,0.160714961415754,0.0880094640771404,-0.0123720434615188,0.0745210963819372
-0.0393727341140541,0.0478269481597603,0.0589806506108655,0.14618033288468,0.0473711332060583,0.160870512063701,0.0882196861716069,-0.0124749845855325,0.0747246976882819
-0.0396178492875391,0.0478883754166337,0.058646046107682,0.146152270811855,0.0474649811500286,0.161035611793295,0.0884330240228951,-0.0125779257095462,0.0749282989946266
-0.0398629644610241,0.0479498026735071,0.0583114416044985,0.14612420873903,0.0475644116895883,0.16120971110844,0.0886497237703588,-0.0126808668335599,0.0751319003009712
-0.0401080796345091,0.0480112299303804,0.057976837101315,0.146096146666204,0.0476341709600217,0.161392336518002,0.0888699611786013,-0.0127838079575736,0.0753355016073159
-0.0403531948079941,0.0480726571872538,0.0576422325981314,0.146068084593379,0.0476314806836855,0.161577285477207,0.089093395565476,-0.0128867490815874,0.0755391029136606
-0.0405983099814791,0.0481340844441272,0.0573076280949479,0.146040022520554,0.0476288085033175,0.161764216353881,0.0892969357904263,-0.0129896902056011,0.0757427042200052
-0.0408434251549641,0.0481955117010005,0.0569730235917644,0.146011960447729,0.0476261526141404,0.1615580188968,0.0894952539395306,-0.0130926313296148,0.0759463055263499
-0.0410885403284492,0.0482569389578739,0.0566384190885809,0.145983898374904,0.0476235118495804,0.161231680642099,0.0896886320909712,-0.0131955724536285,0.0761499068326946
-0.0413336555019342,0.0483183662147473,0.0563038145853973,0.145955836302079,0.0476208852732121,0.160856548786684,0.0898775739241644,-0.0132985135776422,0.0763535081390393
-0.0415787706754192,0.0483797934716207,0.0559692100822138,0.145927774229254,0.0476182714615494,0.160479229210494,0.090062575448707,-0.0134014547016559,0.076557109445384
-0.0418238858489042,0.048441220728494,0.0556346055790303,0.145899712156429,0.0476156685059145,0.160100098776503,0.0902440971512804,-0.0135043958256696,0.0767607107517286
-0.0420690010223892,0.0485026479853674,0.0553000010758468,0.145871650083603,0.0476130746137686,0.159719497825918,0.0904225453376019,-0.0136073369496833,0.0769643120580733
-0.0423141161958742,0.0485640752422408,0.0549653965726632,0.145843588010778,0.0476104887285473,0.159337736053245,0.0905982672259943,-0.013710278073697,0.077167913364418
-0.0425592313693592,0.0486255024991141,0.0546307920694797,0.145815525937953,0.0476079086780063,0.158955096504495,0.0907715592583035,-0.0138132191977107,0.0773715146707626
-0.0428043465428442,0.0486869297559875,0.0542961875662962,0.145787463865128,0.0476053322616668,0.158571841955168,0.0909426809067468,-0.0139161603217244,0.0775751159771073
-0.0430494617163292,0.0487483570128609,0.0539615830631127,0.145759401792303,0.0476027587921292,0.158188216612957,0.0913160862646825,-0.0140191014457381,0.077778717283452
-0.0432945768898142,0.0488097842697343,0.0536269785599292,0.145731339719478,0.0476002096264414,0.157804476913417,0.0917158209507925,-0.0141220425697518,0.0779823185897967
-0.0435396920632993,0.0488712115266076,0.0532923740567456,0.145703277646653,0.0475976799001954,0.157420833091446,0.0920976950585875,-0.0142249836937655,0.0781859198961413
-0.0437848072367843,0.048932638783481,0.0529577695535621,0.145675215573827,0.0475951704908317,0.157037478331959,0.0924701516880074,-0.0143279248177793,0.078389521202486
-0.0440299224102693,0.0489940660403544,0.0526231650503786,0.145647153501002,0.047738246850021,0.156654590385255,0.0928336702847525,-0.014430865941793,0.0785931225088307
-0.0442929419103909,0.0491251337799165,0.0522550085665898,0.145673084256897,0.0478979765520929,0.156272323873094,0.0931889539840562,-0.0144460045228915,0.0789720711674159
-0.0445559614105126,0.0492562015194787,0.0518868520828011,0.145699015012792,0.0480743533924472,0.155891091058111,0.0935366698792556,-0.0144611431039901,0.0793510198260012
-0.0448189809106342,0.0493872692590409,0.0515186955990123,0.145724945768687,0.0482670211158458,0.156100027466552,0.0938774353430152,-0.0144762816850887,0.0797299684845865
-0.0450820004107559,0.0495183369986031,0.0511505391152235,0.145750876524582,0.0484750573534175,0.156128346075232,0.0942118116010178,-0.0144914202661872,0.0801089171431717
-0.0453450199108775,0.0496494047381652,0.0507823826314348,0.145776807280478,0.0486974816183391,0.155891901496592,0.0945402910979552,-0.0145065588472858,0.080487865801757
-0.0456080394109992,0.0497804724777274,0.050414226147646,0.145802738036373,0.0489333302529452,0.155847414688522,0.0948632990281113,-0.0145216974283843,0.0808668144603422
-0.0458710589111208,0.0499115402172896,0.0500460696638573,0.145828668792268,0.0491816925890726,0.155789261525509,0.0951812091149671,-0.0145368360094829,0.0812457631189275
-0.0461340784112425,0.0500426079568517,0.0496779131800685,0.145854599548163,0.049441721396474,0.155742816337792,0.0954943581223375,-0.0145519745905815,0.0816247117775127
-0.0463970979113641,0.0501736756964139,0.0493097566962797,0.145880530304058,0.0497126589349084,0.155707231474779,0.0958030433428003,-0.01456711317168,0.082003660436098
-0.0466601174114858,0.0503047434359761,0.048941600212491,0.145906461059953,0.0499938349545289,0.155682082560734,0.0961075256059588,-0.0145822517527786,0.0823826090946833
-0.0469231369116074,0.0504358111755382,0.0485734437287022,0.145932391815848,0.0502846460804965,0.155666870140613,0.0964080418005198,-0.0145973903338772,0.0827615577532685
-0.0471861564117291,0.0505668789151004,0.0482052872449135,0.145958322571743,0.0505845543407943,0.155661047279915,0.0967048042656665,-0.0146125289149757,0.0831405064118538
-0.0474491759118507,0.0506979466546626,0.0478371307611247,0.145984253327638,0.05072720169354,0.155664059558092,0.0969980075279031,-0.0146276674960743,0.083519455070439
-0.0477121954119724,0.0508290143942247,0.0474689742773359,0.146010184083533,0.0507773605854445,0.155452817945844,0.0972878265470137,-0.0146428060771728,0.0838984037290243
-0.047975214912094,0.0509600821337869,0.0471008177935472,0.146036114839428,0.0508265375740098,0.15511667098483,0.0975746445832242,-0.0146579446582714,0.0842773523876095
-0.0482382344122157,0.0510911498733491,0.0467326613097584,0.146062045595323,0.050874758276339,0.154781444654732,0.0978585837914838,-0.01467308323937,0.0846563010461948
-0.0485012539123373,0.0512222176129113,0.0463645048259696,0.146087976351218,0.0509220473084126,0.154447191104285,0.0981397560430115,-0.0146882218204685,0.0850352497047801
-0.048764273412459,0.0513532853524734,0.0459963483421809,0.146113907107113,0.050968428337366,0.154113959370288,0.098418264075553,-0.0147033604015671,0.0854141983633653
-0.0490272929125806,0.0514843530920356,0.0456281918583921,0.146139837863008,0.0510139241303719,0.153781795410973,0.0986942147108958,-0.0147184989826657,0.0857931470219506
-0.0492903124127023,0.0516154208315978,0.0452600353746034,0.146165768618903,0.0510585566003901,0.153450742172998,0.0989400477976199,-0.0147336375637642,0.0861720956805358
